,imgName,transcription,sequence,size,trans_length
0,AAW_ARB_20070103.0087_3_LDC0014_00z7,waMaeAnaBheMaaEspfaMyaAspaaAnaBtaMhaMaaEraMspahAayBlaBaaEnaAspraMseMmaByaA,"[102, 5, 77, 48, 4, 89, 37, 105, 89, 3, 77, 94, 45, 4, 81, 89, 7, 16, 63, 4, 76, 89, 81, 86, 64, 105]","[683.0, 70]",26
1,AAW_ARB_20070103.0087_3_LDC0014_00z8,kaMbaMlaAspaeAnaAsptaBkaMdaMmaEspaaAlaBmaBzaEyaBdaMspmaBnaA,"[56, 20, 62, 89, 5, 76, 89, 92, 56, 27, 65, 89, 3, 63, 64, 108, 106, 27, 89, 64, 76]","[706.0, 70]",21
2,AAW_ARB_20070103.0087_3_LDC0014_00z9,aaAlaBtaMfaMaaEsaMyaBlaAspbaMshMaeEnaAspheMdhMheAspaaAlaBmaBfaMaaEwaMdeBaaEtaAspspdotAsp,"[3, 63, 94, 37, 4, 83, 106, 62, 89, 20, 88, 6, 76, 89, 48, 31, 46, 89, 3, 63, 64, 37, 4, 102, 30, 4, 91, 89, 89, 32, 89]","[948.0, 70]",31
3,AAW_ARB_20070104.0024_3_LDC0014_00z0,waMmaBmaBaaEspraMjaBhaEsptaBnaBfaMyaBdhMspaaAlaBaaEayBdaMaaAmaEspaaAlaByaBwaMmaE,"[102, 64, 64, 4, 89, 81, 53, 44, 89, 92, 77, 37, 106, 31, 89, 3, 63, 4, 16, 27, 3, 65, 89, 3, 63, 106, 102, 65]","[762.0, 70]",28
4,AAW_ARB_20070104.0024_3_LDC0014_00z1,heMwaMsptaBwaMjaBheEspmaBhaMaaEmaByaByaBnaAspmaBnaAspfaMraMyaBkaA,"[48, 102, 89, 92, 102, 53, 47, 89, 64, 45, 4, 64, 106, 106, 76, 89, 64, 76, 89, 37, 81, 106, 55]","[889.0, 70]",23
5,AAW_ARB_20070105.0006_3_LDC0002_00z1,keBaaEnaAspyaBhaMtaMfaMzhaEspbaMheMaaEspjaByaBfaMraMseMwaMnaAspheMyaAspnaBseMkhMteeE,"[58, 4, 76, 89, 106, 45, 94, 37, 110, 89, 20, 48, 4, 89, 53, 106, 37, 81, 86, 102, 76, 89, 48, 105, 89, 77, 86, 61, 96]","[963.0, 70]",29
6,AAW_ARB_20070105.0006_3_LDC0002_0z10,aeAlaByaBseMwaMnaAspaaAseMtaMkhMdaMmaEspmaBsaMhaMfaMaaEspnaBaaEdaMraMaaAsplaBlaBraMalByaBseA,"[5, 63, 106, 86, 102, 76, 89, 3, 86, 94, 61, 27, 65, 89, 64, 83, 45, 37, 4, 89, 77, 4, 27, 81, 3, 89, 63, 63, 81, 10, 106, 85]","[919.0, 70]",32
7,AAW_ARB_20070105.0006_3_LDC0002_0z11,jaByaBfaMraMseMwaMnaAspfaMyaAspaaAlaBkaMseMmaEspbaMaaElaBkeBwaMnaBghMraMseAspseMyaA,"[53, 106, 37, 81, 86, 102, 76, 89, 37, 105, 89, 3, 63, 56, 86, 65, 89, 20, 4, 63, 58, 102, 77, 42, 81, 85, 89, 86, 105]","[738.0, 70]",29
8,AAW_ARB_20070105.0006_3_LDC0002_0z12,ahAnaAspahAnaAsptaBayMtaMdhMraMspayBnaAspkhMlaBtoBheMaaE,"[7, 76, 89, 7, 76, 89, 92, 18, 94, 31, 81, 89, 16, 76, 89, 61, 63, 101, 48, 4]","[647.0, 70]",20
9,AAW_ARB_20070105.0006_3_LDC0002_0z13,baMyaBnaAspaeAwaMbaMaaEmaBaaEspwaMaeAseMaaEmaBteeEspfaMyaAspayBnaBaaEwaMyaBnaBheMaaE,"[20, 106, 76, 89, 5, 102, 20, 4, 64, 4, 89, 102, 5, 86, 4, 64, 96, 89, 37, 105, 89, 16, 77, 4, 102, 106, 77, 48, 4]","[842.0, 70]",29
10,AAW_ARB_20070105.0013_2_LDC0002_00z6,aaAlaBghMzaElaBaaEnaAspfaMyaAspjaBwaMraMjaByaBaaEspspcomAspspwaMtaBbaMyaBnaA,"[3, 63, 42, 108, 63, 4, 76, 89, 37, 105, 89, 53, 102, 81, 53, 106, 4, 89, 89, 25, 89, 89, 102, 92, 20, 106, 76]","[823.0, 70]",27
11,AAW_ARB_20070105.0013_2_LDC0002_00z7,aaAnaAspaaAlaBmaBraMdeAspaaAnaBtaMkaMlaAspaaAlaBeeEspheMdhMheA,"[3, 76, 89, 3, 63, 64, 81, 29, 89, 3, 77, 94, 56, 62, 89, 3, 63, 34, 89, 48, 31, 46]","[794.0, 70]",22
12,AAW_ARB_20070105.0013_2_LDC0002_00z8,aaAlaBghMzaElaBaaEnaAspwaMhaMheMraMspdhMlaBkeEspfaMyaAspayByaBnaBaaEtaA,"[3, 63, 42, 108, 63, 4, 76, 89, 102, 45, 48, 81, 89, 31, 63, 59, 89, 37, 105, 89, 16, 106, 77, 4, 91]","[862.0, 70]",25
13,AAW_ARB_20070105.0013_2_LDC0002_00z9,aaAlaBdaMmaEspwaMaaAlaBbaMwaMlaAspspcomAspspwaMhaMlaBtaEspaaAlaBghMzaElaBaaEnaA,"[3, 63, 27, 65, 89, 102, 3, 63, 20, 102, 62, 89, 89, 25, 89, 89, 102, 45, 63, 93, 89, 3, 63, 42, 108, 63, 4, 76]","[879.0, 70]",28
14,AAW_ARB_20070105.0013_4_LDC0012_00z3,heMlaBaaEkeBheEspspcomAspsplaBaaEnaBheEsplaBaaEspyaBmaBkeBnaA,"[48, 63, 4, 58, 47, 89, 89, 25, 89, 89, 63, 4, 77, 47, 89, 63, 4, 89, 106, 64, 58, 76]","[481.0, 70]",22
15,AAW_ARB_20070105.0013_4_LDC0012_00z4,maBayMaaElaBjaBteeEspaaAlaBmaBraMdeAspbaMseMbaMbaEsptoBbaMyaBayMteeEspaaAlaBhaMyaBaaEteA,"[64, 18, 4, 63, 53, 96, 89, 3, 63, 64, 81, 29, 89, 20, 86, 20, 19, 89, 101, 20, 106, 18, 96, 89, 3, 63, 45, 106, 4, 95]","[611.0, 70]",30
16,AAW_ARB_20070105.0013_4_LDC0012_00z5,aaAlaBbaMraMyaBteeEspnaBfaMseMheMaaEspspcomAspspwaMaaAnaAspaaAlaBhaMlaA,"[3, 63, 20, 81, 106, 96, 89, 77, 37, 86, 48, 4, 89, 89, 25, 89, 89, 102, 3, 76, 89, 3, 63, 45, 62]","[539.0, 70]",25
17,AAW_ARB_20070105.0013_4_LDC0012_00z6,aaAlaBwaMhaMyaBdaMspheMwaMspaaAbaMkaMaaEhhAspaaAlaBghMzaElaBaaEnaAspaaAlaBmaBraMyaBdeBteeE,"[3, 63, 102, 45, 106, 27, 89, 48, 102, 89, 3, 20, 56, 4, 49, 89, 3, 63, 42, 108, 63, 4, 76, 89, 3, 63, 64, 81, 106, 30, 96]","[592.0, 70]",31
18,AAW_ARB_20070105.0013_4_LDC0012_00z7,faMyaAsphaMhaMaaEalBraMspkhMaaEsaMteeEspspcomAspspwaMheMwaM,"[37, 105, 89, 45, 45, 4, 10, 81, 89, 61, 4, 83, 96, 89, 89, 25, 89, 89, 102, 48, 102]","[509.0, 70]",21
19,AAW_ARB_20070105.0013_4_LDC0012_00z8,aeAmaBraMspsaMayMbaEsplaBhaMyaBwaMaaAnaBaaEtaAspmaBaaEsptaBzaEaaAlaA,"[5, 64, 81, 89, 83, 18, 19, 89, 63, 45, 106, 102, 3, 77, 4, 91, 89, 64, 4, 89, 92, 108, 3, 62]","[482.0, 70]",24
20,AAW_ARB_20070105.0013_4_LDC0012_00z9,taBayMyaBshAsphaMyaBaaEteAspbaMraMyaBteeEspspcomAspspwaMsaMayMbaE,"[92, 18, 106, 87, 89, 45, 106, 4, 95, 89, 20, 81, 106, 96, 89, 89, 25, 89, 89, 102, 83, 18, 19]","[597.0, 70]",23
21,AAW_ARB_20070105.0017_3_LDC0012_00z0,waMaeAdeBaaEfaEspspcolAspspspspspspnaBraMyaBdaMspnaBtaMaaEalBjaE,"[102, 5, 30, 4, 36, 89, 89, 24, 89, 89, 89, 89, 89, 89, 77, 81, 106, 27, 89, 77, 94, 4, 10, 54]","[526.0, 70]",24
22,AAW_ARB_20070105.0017_3_LDC0012_00z1,maBlaBmaBwaMseMteeEspspcomAspspaaAdhMaaAspkeBaaEnaBtaEsptaBraMkeByaBaaEspwaMaaAlaBwaMlaBaaEyaBaaEtaA,"[64, 63, 64, 102, 86, 96, 89, 89, 25, 89, 89, 3, 31, 3, 89, 58, 4, 77, 93, 89, 92, 81, 58, 106, 4, 89, 102, 3, 63, 102, 63, 4, 106, 4, 91]","[747.0, 70]",35
23,AAW_ARB_20070105.0017_3_LDC0012_00z2,aaAlaBmaBtaMhaMdaMteAspshMraMyaBkeBtaMyaBnaAspaaAseMtaMraMaaAtaByaBjaByaBtaMyaBnaAspspcomAspspfaMayMlaByaBheMmaBaaEspaaAnaA,"[3, 63, 64, 94, 45, 27, 95, 89, 88, 81, 106, 58, 94, 106, 76, 89, 3, 86, 94, 81, 3, 92, 106, 53, 106, 94, 106, 76, 89, 89, 25, 89, 89, 37, 18, 63, 106, 48, 64, 4, 89, 3, 76]","[866.0, 70]",43
24,AAW_ARB_20070105.0017_3_LDC0012_00z3,taBkeBaaEfaMhaMaaEspmaBayMaaEspaaAlaBmaBnaBhaMmaBaaEtaAspaaAlaBaaEraMheMaaEbaMyaBteeEspspspspspspdotAsp,"[92, 58, 4, 37, 45, 4, 89, 64, 18, 4, 89, 3, 63, 64, 77, 45, 64, 4, 91, 89, 3, 63, 4, 81, 48, 4, 20, 106, 96, 89, 89, 89, 89, 89, 89, 32, 89]","[798.0, 70]",37
25,AAW_ARB_20070105.0068_1_LDC0002_00z0,daMbaMyaAspspraMwaMyaBtaMraMzaAspspcolAspspkaMaaElaBtaE,"[27, 20, 105, 89, 89, 81, 102, 106, 94, 81, 107, 89, 89, 24, 89, 89, 56, 4, 63, 93]","[650.0, 70]",20
26,AAW_ARB_20070105.0068_1_LDC0002_00z1,shMraMkeBteeEspspspspspmaBwaMaaAnaBalEspdaMbaMyaAspaaAlaBayMaaElaBmaByaBteeEspspspsp,"[88, 81, 58, 96, 89, 89, 89, 89, 89, 64, 102, 3, 77, 11, 89, 27, 20, 105, 89, 3, 63, 18, 4, 63, 64, 106, 96, 89, 89, 89, 89]","[893.0, 70]",31
27,AAW_ARB_20070105.0068_1_LDC0002_0z10,waMhaMdaMtaByaBnaAspaeAseMtaMraMaaAlaByaBtaMyaBnaA,"[102, 45, 27, 92, 106, 76, 89, 5, 86, 94, 81, 3, 63, 106, 94, 106, 76]","[570.0, 70]",17
28,AAW_ARB_20070105.0068_1_LDC0002_0z11,waMaeAdeBaaEfaMtaEspaeAnaAspaaAdaMaaAraMteAspspspspspmaBwaMaaAnaBalE,"[102, 5, 30, 4, 37, 93, 89, 5, 76, 89, 3, 27, 3, 81, 95, 89, 89, 89, 89, 89, 64, 102, 3, 77, 11]","[780.0, 70]",25
29,AAW_ARB_20070105.0068_1_LDC0002_0z12,daMbaMyaAspaaAlaBayMaaElaBmaByaBteeEspspspspspwaMspspspspspaaAlaBkeBwaMnaBseMwaMraMtaByaBwaMmaEspspspsp,"[27, 20, 105, 89, 3, 63, 18, 4, 63, 64, 106, 96, 89, 89, 89, 89, 89, 102, 89, 89, 89, 89, 89, 3, 63, 58, 102, 77, 86, 102, 81, 92, 106, 102, 65, 89, 89, 89, 89]","[588.0, 70]",39
30,AAW_ARB_20070105.0068_1_LDC0002_0z13,taBayMmaBlaBaaEnaAspmaBayMaaEsplaBaaEseMtaMkeBmaBaaElaAspjaBmaByaBayEspaaAlaBaaEjaBraMaaAhhAaaAtaAspaaAlaBayMaaElaBkaMteeE,"[92, 18, 64, 63, 4, 76, 89, 64, 18, 4, 89, 63, 4, 86, 94, 58, 64, 4, 62, 89, 53, 64, 106, 17, 89, 3, 63, 4, 53, 81, 3, 49, 3, 91, 89, 3, 63, 18, 4, 63, 56, 96]","[763.0, 70]",42
31,AAW_ARB_20070111.0110_5_LDC0701_0z17,seMtaMnaBtoBlaBkaAspkhMlaBaaElaAspaaAlaBayMaaEmaEspaaAlaBhaMaaElaByaAspspdotAsp,"[86, 94, 77, 101, 63, 55, 89, 61, 63, 4, 62, 89, 3, 63, 18, 4, 65, 89, 3, 63, 45, 4, 63, 105, 89, 89, 32, 89]","[615.0, 70]",28
32,AAW_ARB_20070111.0110_5_LDC0701_00z2,faMyaAspaaAlaBmaBayMheMdaMspaaAlaBseMayMwaMdaMyaAspaaAlaByaBaaEbaMaaEnaByaAsplaBlaBseMyaBaaEraMaaAtaAspwaMaaAlaBtaMhaMkaMwaMaaA,"[37, 105, 89, 3, 63, 64, 18, 48, 27, 89, 3, 63, 86, 18, 102, 27, 105, 89, 3, 63, 106, 4, 20, 4, 77, 105, 89, 63, 63, 86, 106, 4, 81, 3, 91, 89, 102, 3, 63, 94, 45, 56, 102, 3]","[1290.0, 70]",44
33,AAW_ARB_20070111.0110_5_LDC0701_00z3,baMwaMhaMaaEalBfaMheMmaEspfaMyaAspshMraMkeBteeEspayBbaMdaMspaaAlaBlaBtoByaBfaEspfaMyaA,"[20, 102, 45, 4, 10, 37, 48, 65, 89, 37, 105, 89, 88, 81, 58, 96, 89, 16, 20, 27, 89, 3, 63, 63, 101, 106, 36, 89, 37, 105]","[727.0, 70]",30
34,AAW_ARB_20070111.0110_5_LDC0701_00z4,aaAlaBayMaaEmaEspaaAlaBmaBaaEdeByaAspspcomAspspkeBmaBaaEsptaBmaEsptaBdaMraMyaBbaE,"[3, 63, 18, 4, 65, 89, 3, 63, 64, 4, 30, 105, 89, 89, 25, 89, 89, 58, 64, 4, 89, 92, 65, 89, 92, 27, 81, 106, 19]","[600.0, 70]",29
35,AAW_ARB_20070111.0110_5_LDC0701_00z5,n6AspfaMtaMyaBaaEtaAspfaMyaAspaaAlaBmaBayMheMdaMspaaAlaBseMayMwaMdaMyaA,"[72, 89, 37, 94, 106, 4, 91, 89, 37, 105, 89, 3, 63, 64, 18, 48, 27, 89, 3, 63, 86, 18, 102, 27, 105]","[767.0, 70]",25
36,AAW_ARB_20070111.0110_5_LDC0701_00z6,laBlaBkhMdaMmaBaaEtaAspaaAlaBsaMhaMyaBteeEsplaByaBsaMbaMhaEspahAjaBmaBaaElaByaAspfaMraMsaA,"[63, 63, 61, 27, 64, 4, 91, 89, 3, 63, 83, 45, 106, 96, 89, 63, 106, 83, 20, 44, 89, 7, 53, 64, 4, 63, 105, 89, 37, 81, 82]","[788.0, 70]",31
37,AAW_ARB_20070111.0110_5_LDC0701_00z7,aaAlaBayMmaBlaAspmaBnaAspkhMlaBaaElaAspsaMnaBdaMwaMkaAspayBbaMdaM,"[3, 63, 18, 64, 62, 89, 64, 76, 89, 61, 63, 4, 62, 89, 83, 77, 27, 102, 55, 89, 16, 20, 27]","[870.0, 70]",23
38,AAW_ARB_20070111.0110_5_LDC0701_00z8,aaAlaBlaBtoByaBfaEspjaBmaByaBlaAsplaBlaBtaMaeEheMyaBlaAspaaAlaBmaBheMnaByaAspwaMaaAlaBhaMraMfaMyaA,"[3, 63, 63, 101, 106, 36, 89, 53, 64, 106, 62, 89, 63, 63, 94, 6, 48, 106, 62, 89, 3, 63, 64, 48, 77, 105, 89, 102, 3, 63, 45, 81, 37, 105]","[841.0, 70]",34
39,AAW_ARB_20070111.0110_5_LDC0701_00z9,khMlaBaaElaAspaaAlaBayMaaEmaEspaaAlaBmaBaaEdeByaAspaeAkeBthMraMspmaBnaA,"[61, 63, 4, 62, 89, 3, 63, 18, 4, 65, 89, 3, 63, 64, 4, 30, 105, 89, 5, 58, 100, 81, 89, 64, 76]","[555.0, 70]",25
40,AAW_ARB_20070111.0141_2_LDC0050_0z16,maBlaByaBaaEraMspdaMwaMlaBaaEraMspfaMyaAspsaMnaBaaEdaMyaBkaAspaaAlaBtaMdhMaaAkeBraM,"[64, 63, 106, 4, 81, 89, 27, 102, 63, 4, 81, 89, 37, 105, 89, 83, 77, 4, 27, 106, 55, 89, 3, 63, 94, 31, 3, 58, 81]","[531.0, 70]",29
41,AAW_ARB_20070111.0141_2_LDC0050_0z17,faMyaAspmaBkhMtaMlaBfaEspaeAnaBhaMaaEhhAspaaAlaBayMaaElaBmaEspspdotAsp,"[37, 105, 89, 64, 61, 94, 63, 36, 89, 5, 77, 45, 4, 49, 89, 3, 63, 18, 4, 63, 65, 89, 89, 32, 89]","[392.0, 70]",25
42,AAW_ARB_20070111.0141_2_LDC0050_00z2,aaAlaBbaMlaBdaMyaBaaEtaAspaaAlaBaeEraMdaMnaByaAspspcomAspspsaMaaEdaMkaAspayBlaBeeEspmaBwaMaaAzaAnaBteeE,"[3, 63, 20, 63, 27, 106, 4, 91, 89, 3, 63, 6, 81, 27, 77, 105, 89, 89, 25, 89, 89, 83, 4, 27, 55, 89, 16, 63, 34, 89, 64, 102, 3, 107, 77, 96]","[717.0, 70]",36
43,AAW_ARB_20070111.0141_2_LDC0050_00z3,baMlaBdaMyaBteeEsptoBlaBaaElaAspaaAlaBjaBdaMyaBdaMteAspfaMyaAspkaMdeBaaEhhAspaaAlaBmaBwaMjaBbaEspspcomAsp,"[20, 63, 27, 106, 96, 89, 101, 63, 4, 62, 89, 3, 63, 53, 27, 106, 27, 95, 89, 37, 105, 89, 56, 30, 4, 49, 89, 3, 63, 64, 102, 53, 19, 89, 89, 25, 89]","[637.0, 70]",37
44,AAW_ARB_20070111.0141_2_LDC0050_00z4,jaBnaBwaMbaEspaaAlaBaaEraMdaMnaAsplaBlaBayMaaEmaEspaaAlaBhaMaaElaByaAspspcomAspspaaAlaBtaMyaA,"[53, 77, 102, 19, 89, 3, 63, 4, 81, 27, 76, 89, 63, 63, 18, 4, 65, 89, 3, 63, 45, 4, 63, 105, 89, 89, 25, 89, 89, 3, 63, 94, 105]","[629.0, 70]",33
45,AAW_ARB_20070111.0141_2_LDC0050_00z5,taBtaMdeBmaBnaAspaaAseMtaMkeBmaBaaElaAspmaBshMraMwaMayAspaaAlaBmaBkeBtaMbaMteeEspaaAlaBayMaaEmaBteeE,"[92, 94, 30, 64, 76, 89, 3, 86, 94, 58, 64, 4, 62, 89, 64, 88, 81, 102, 15, 89, 3, 63, 64, 58, 94, 20, 96, 89, 3, 63, 18, 4, 64, 96]","[586.0, 70]",34
46,AAW_ARB_20070111.0141_2_LDC0050_00z6,faMyaAspmaBnaBtoBkaMteeEspaaAlaBjaBdaMayBaaEspwaMtaBhaMseMyaBnaAspmaBdaMaaAkhMlaA,"[37, 105, 89, 64, 77, 101, 56, 96, 89, 3, 63, 53, 27, 16, 4, 89, 102, 92, 45, 86, 106, 76, 89, 64, 27, 3, 61, 62]","[541.0, 70]",28
47,AAW_ARB_20070111.0141_2_LDC0050_00z7,maBnaBaaEtoBkaAspaaAlaBbaMlaBdaMyaBteeEspwaMfaMtaMhaEspwaMtaBayMbaMyaBdaMspaaAlaBayMdaMyaBdaM,"[64, 77, 4, 101, 55, 89, 3, 63, 20, 63, 27, 106, 96, 89, 102, 37, 94, 44, 89, 102, 92, 18, 20, 106, 27, 89, 3, 63, 18, 27, 106, 27]","[619.0, 70]",32
48,AAW_ARB_20070111.0141_2_LDC0050_00z8,maBnaAspaaAlaBshMwaMaaAraMayAspfaMyaAspmaBnaBtoBkaMteeEspsaMraMfaMaaE,"[64, 76, 89, 3, 63, 88, 102, 3, 81, 15, 89, 37, 105, 89, 64, 77, 101, 56, 96, 89, 83, 81, 37, 4]","[554.0, 70]",24
49,AAW_ARB_20070111.0141_2_LDC0050_00z9,waMaaAlaBjaBdaMayBaaEspwaMaaAmaBraMayAspwaMsaMyaBaaEnaBteeEspwaMhaMdaMaaAtaAspaaAlaBaaEnaBaaEraMteA,"[102, 3, 63, 53, 27, 16, 4, 89, 102, 3, 64, 81, 15, 89, 102, 83, 106, 4, 77, 96, 89, 102, 45, 27, 3, 91, 89, 3, 63, 4, 77, 4, 81, 95]","[688.0, 70]",34
50,AAW_ARB_20070111.0141_9_LDC0050_00z1,waMseMyaBbaMdaMaeAspjaByaBmaBseAspfaMyaAspaaAlaBayMmaBlaAspbaMfaMyaBlaBmaE,"[102, 86, 106, 20, 27, 5, 89, 53, 106, 64, 85, 89, 37, 105, 89, 3, 63, 18, 64, 62, 89, 20, 37, 106, 63, 65]","[642.0, 70]",26
51,AAW_ARB_20070111.0141_9_LDC0050_0z10,waMdhMlaBkeEspkhMlaBaaElaAspzaAyaBaaEraMteAspshMraMfaEspaaAlaBwaMfaMdaM,"[102, 31, 63, 59, 89, 61, 63, 4, 62, 89, 107, 106, 4, 81, 95, 89, 88, 81, 36, 89, 3, 63, 102, 37, 27]","[747.0, 70]",25
52,AAW_ARB_20070111.0141_9_LDC0050_0z11,aeAkhMyaBraMaaAspahAlaBeeEspdaMmaBshMkaAspspdotAsp,"[5, 61, 106, 81, 3, 89, 7, 63, 34, 89, 27, 64, 88, 55, 89, 89, 32, 89]","[413.0, 70]",18
53,AAW_ARB_20070111.0141_9_LDC0050_0z12,waMyaBkaMdaMmaEspfaMraMyaBmaBaaEnaAspmaBayMzaEwaMfaMaaEtaAspmaBnaAspaaAayBmaBaaElaBheE,"[102, 106, 56, 27, 65, 89, 37, 81, 106, 64, 4, 76, 89, 64, 18, 108, 102, 37, 4, 91, 89, 64, 76, 89, 3, 16, 64, 4, 63, 47]","[693.0, 70]",30
54,AAW_ARB_20070111.0141_9_LDC0050_0z13,baMaaElaBaaEshMtaMraMaaAkeAspmaBayEspayBaaEzaAfaEspaaAlaBjaBaaEzaAspbaMyaBtaMraMspkeByaBnaBjaEspspdotAsp,"[20, 4, 63, 4, 88, 94, 81, 3, 57, 89, 64, 17, 89, 16, 4, 107, 36, 89, 3, 63, 53, 4, 107, 89, 20, 106, 94, 81, 89, 58, 106, 77, 54, 89, 89, 32, 89]","[562.0, 70]",37
55,AAW_ARB_20070111.0141_9_LDC0050_0z14,waMtaBdeBmaBnaAspjaBdaMwaMlaAspaaAayBmaBaaElaAspaaAlaBdaMwaMraMteAspmaBjaBmaBwaMayBteeE,"[102, 92, 30, 64, 76, 89, 53, 27, 102, 62, 89, 3, 16, 64, 4, 62, 89, 3, 63, 27, 102, 81, 95, 89, 64, 53, 64, 102, 16, 96]","[707.0, 70]",30
56,AAW_ARB_20070111.0141_9_LDC0050_0z15,maBnaAspaaAlaBmaBwaMdeBwaMayBaaEtaAspaaAlaBmaBtaMayMlaBkaMteeEspbaMaaElaBayMmaBlaAspaaAlaBayMraMbaMyaAspaaAlaBmaBshMtaMraMkeA,"[64, 76, 89, 3, 63, 64, 102, 30, 102, 16, 4, 91, 89, 3, 63, 64, 94, 18, 63, 56, 96, 89, 20, 4, 63, 18, 64, 62, 89, 3, 63, 18, 81, 20, 105, 89, 3, 63, 64, 88, 94, 81, 57]","[757.0, 70]",43
57,AAW_ARB_20070111.0141_9_LDC0050_0z16,faMyaAspmaBjaBaaElaBaaEtaAspaaAlaBaaEtaBsaMaaElaBaaEtaAspaaAlaBmaBkhMtaMlaBfaMteeEspspdotAsp,"[37, 105, 89, 64, 53, 4, 63, 4, 91, 89, 3, 63, 4, 92, 83, 4, 63, 4, 91, 89, 3, 63, 64, 61, 94, 63, 37, 96, 89, 89, 32, 89]","[633.0, 70]",32
58,AAW_ARB_20070111.0141_9_LDC0050_00z2,spspspspaeAfaMaaEtaBaaEraMspspspspspwaMheMwaMspmaBnaAspaaAlaBkhMyaBaaElaA,"[89, 89, 89, 89, 5, 37, 4, 92, 4, 81, 89, 89, 89, 89, 89, 102, 48, 102, 89, 64, 76, 89, 3, 63, 61, 106, 4, 62]","[627.0, 70]",28
59,AAW_ARB_20070111.0141_9_LDC0050_00z3,aaAlaBayMlaBmaByaAspfaMyaAspnaByaBseMaaEnaAspspbroAspspahAbaMraMyaBlaAspspbrcAsp,"[3, 63, 18, 63, 64, 105, 89, 37, 105, 89, 77, 106, 86, 4, 76, 89, 89, 22, 89, 89, 7, 20, 81, 106, 62, 89, 89, 21, 89]","[469.0, 70]",29
60,AAW_ARB_20070111.0141_9_LDC0050_00z4,ayBlaBeeEspaeAnaAspyaBtaMmaEspayBraMdeBheEspfaMyaAspdaMwaMraM,"[16, 63, 34, 89, 5, 76, 89, 106, 94, 65, 89, 16, 81, 30, 47, 89, 37, 105, 89, 27, 102, 81]","[569.0, 70]",22
61,AAW_ARB_20070111.0141_9_LDC0050_00z5,aaAlaBseMyaBnaBmaBaaEspfaMyaAspsaMyaBfaEspn2An0An0An9AspspdotAsp,"[3, 63, 86, 106, 77, 64, 4, 89, 37, 105, 89, 83, 106, 36, 89, 68, 66, 66, 75, 89, 89, 32, 89]","[463.0, 70]",23
62,AAW_ARB_20070111.0141_9_LDC0050_00z6,supAspsaMaaEalBbaEspnaBhaMaaEseAspspcomAsp,"[90, 89, 83, 4, 10, 19, 89, 77, 45, 4, 85, 89, 89, 25, 89]","[387.0, 70]",15
63,AAW_ARB_20070111.0141_9_LDC0050_00z7,raMjaBlaAspaaAlaBaeEayBmaBaaElaAspaaAlaBseMwaMraMyaAspspcomAspspaeAkaMaaEmaE,"[81, 53, 62, 89, 3, 63, 6, 16, 64, 4, 62, 89, 3, 63, 86, 102, 81, 105, 89, 89, 25, 89, 89, 5, 56, 4, 65]","[573.0, 70]",27
64,AAW_ARB_20070111.0141_9_LDC0050_00z8,maBaeEdaMbaMteeEspghBdaMaaAhhAspfaMyaAspaaAlaBkaMnaBsaMlaByaBteeEspaaAlaBfaMkhMraMyaBteeE,"[64, 6, 27, 20, 96, 89, 40, 27, 3, 49, 89, 37, 105, 89, 3, 63, 56, 77, 83, 63, 106, 96, 89, 3, 63, 37, 61, 81, 106, 96]","[675.0, 70]",30
65,AAW_ARB_20070111.0141_9_LDC0050_00z9,aaAlaBmaBkeBseMyaBkeByaBteeEspayBlaBeeEspaaAlaBwaMfaMdaMspaaAlaBbaMraMlaBmaBaaEnaByaAspaaAlaBbaMraMyaBtoBaaEnaByaAspspcomAsp,"[3, 63, 64, 58, 86, 106, 58, 106, 96, 89, 16, 63, 34, 89, 3, 63, 102, 37, 27, 89, 3, 63, 20, 81, 63, 64, 4, 77, 105, 89, 3, 63, 20, 81, 106, 101, 4, 77, 105, 89, 89, 25, 89]","[645.0, 70]",43
66,AAW_ARB_20070111.0114_6_LDC0050_00z1,aeAkaMfaMlaBtaEspsaMbaMaaEhaAspaeAmaBseAspsaMaaElaBteeEspmaBghMaaEdaMraMteAspaaAlaBraMkeBaaEbaE,"[5, 56, 37, 63, 93, 89, 83, 20, 4, 43, 89, 5, 64, 85, 89, 83, 4, 63, 96, 89, 64, 42, 4, 27, 81, 95, 89, 3, 63, 81, 58, 4, 19]","[670.0, 70]",33
67,AAW_ARB_20070111.0114_6_LDC0050_0z10,waMkaMaaElaAspmaBkhMaaElaBfaMwaMnaAsplaBnaBhaMaaEmaEspaaAlaBahEkaMaaEmaBteeEspmaBmaBnaA,"[102, 56, 4, 62, 89, 64, 61, 4, 63, 37, 102, 76, 89, 63, 77, 45, 4, 65, 89, 3, 63, 8, 56, 4, 64, 96, 89, 64, 64, 76]","[783.0, 70]",30
68,AAW_ARB_20070111.0114_6_LDC0050_0z11,taBwaMaaAjaBdaMwaMaaAspaeAmaBseAspaeAmaBaaEmaEspbaMwaMaaAbaMteeEspsaMaaElaBteeE,"[92, 102, 3, 53, 27, 102, 3, 89, 5, 64, 85, 89, 5, 64, 4, 65, 89, 20, 102, 3, 20, 96, 89, 83, 4, 63, 96]","[729.0, 70]",27
69,AAW_ARB_20070111.0114_6_LDC0050_0z12,aaAlaBmaBghMaaEdaMraMteAspfaMyaAspmaByaBnaBaaEhhAspjaBdaMteAspaaAlaBahEseMlaBaaEmaByaAspspcolAsp,"[3, 63, 64, 42, 4, 27, 81, 95, 89, 37, 105, 89, 64, 106, 77, 4, 49, 89, 53, 27, 95, 89, 3, 63, 8, 86, 63, 4, 64, 105, 89, 89, 24, 89]","[672.0, 70]",34
70,AAW_ARB_20070111.0114_6_LDC0050_0z13,ahAnaBheMmaEsplaBmaEspyaBtaMmaBkeBnaBwaMaaAspmaBnaAspdaMfaMayE,"[7, 77, 48, 65, 89, 63, 65, 89, 106, 94, 64, 58, 77, 102, 3, 89, 64, 76, 89, 27, 37, 17]","[359.0, 70]",22
71,AAW_ARB_20070111.0114_6_LDC0050_0z14,aaAlaBraMseMwaMmaEspaaAlaBmaBkaMraMraMteAsplaBmaBkhMaaElaBfaMtaMheMmaEspaaAlaBaeEnaBhaMmaBteeEsphaMtaMeeE,"[3, 63, 81, 86, 102, 65, 89, 3, 63, 64, 56, 81, 81, 95, 89, 63, 64, 61, 4, 63, 37, 94, 48, 65, 89, 3, 63, 6, 77, 45, 64, 96, 89, 45, 94, 34]","[617.0, 70]",36
72,AAW_ARB_20070111.0114_6_LDC0050_0z15,yaBtaMseMnaBeeEsplaBheMmaEspaaAlaBseMfaMraMspwaMdhMwaMyaBheMmaEspwaMaeAnaA,"[106, 94, 86, 77, 34, 89, 63, 48, 65, 89, 3, 63, 86, 37, 81, 89, 102, 31, 102, 106, 48, 65, 89, 102, 5, 76]","[536.0, 70]",26
73,AAW_ARB_20070113.0017_3_LDC0701_00z1,waMkaMaaElaBwaMaaAspahAnaAspdhMwaMyaAspaaAlaBmaBhaMtaMjaBzaEyaBnaAspyaBkaMtoBayMwaMnaA,"[102, 56, 4, 63, 102, 3, 89, 7, 76, 89, 31, 102, 105, 89, 3, 63, 64, 45, 94, 53, 108, 106, 76, 89, 106, 56, 101, 18, 102, 76]","[920.0, 70]",30
74,AAW_ARB_20070113.0017_3_LDC0701_0z10,aaAlaBhaMraMaaAseAspaaAlaBaeEmaByaBraMkeByaByaBnaAspspspspspmaBthMlaAspaaAlaBaaEdaMayBaaEhhA,"[3, 63, 45, 81, 3, 85, 89, 3, 63, 6, 64, 106, 81, 58, 106, 106, 76, 89, 89, 89, 89, 89, 64, 100, 62, 89, 3, 63, 4, 27, 16, 4, 49]","[1054.0, 70]",33
75,AAW_ARB_20070113.0017_3_LDC0701_0z11,baMaeEnaAspbaMtoBaaEkaMteeEspaaAlaBaeEhaMwaMaaAlaAspaaAlaBmaBdaMnaByaBteeEspmaBzaEwaMraMteA,"[20, 6, 76, 89, 20, 101, 4, 56, 96, 89, 3, 63, 6, 45, 102, 3, 62, 89, 3, 63, 64, 27, 77, 106, 96, 89, 64, 108, 102, 81, 95]","[946.0, 70]",31
76,AAW_ARB_20070113.0017_3_LDC0701_0z12,aeAwaMspahAnaAspaaAlaBsaMwaMraMspfaMyaAspaaAlaBwaMthBaaEalBkaA,"[5, 102, 89, 7, 76, 89, 3, 63, 83, 102, 81, 89, 37, 105, 89, 3, 63, 102, 98, 4, 10, 55]","[810.0, 70]",22
77,AAW_ARB_20070113.0017_3_LDC0701_0z13,laBaaEsptaBshMbaMheEspshMkeBlaAspaaAlaBmaBraMaaAjaBayEspspdotAsp,"[63, 4, 89, 92, 88, 20, 47, 89, 88, 58, 62, 89, 3, 63, 64, 81, 3, 53, 17, 89, 89, 32, 89]","[513.0, 70]",23
78,AAW_ARB_20070113.0017_3_LDC0701_0z14,waMkaMaaElaAspamAkhMraMspahAnaAspaeAhaMdaM,"[102, 56, 4, 62, 89, 13, 61, 81, 89, 7, 76, 89, 5, 45, 27]","[615.0, 70]",15
79,AAW_ARB_20070113.0017_3_LDC0701_0z15,haMraMaaAseAspaaAlaBseMjaBnaAspaeAayBaaEdaMspaeAwaMraMaaAkaMaaEspkeBtaMbaE,"[45, 81, 3, 85, 89, 3, 63, 86, 53, 76, 89, 5, 16, 4, 27, 89, 5, 102, 81, 3, 56, 4, 89, 58, 94, 19]","[777.0, 70]",26
80,AAW_ARB_20070113.0017_3_LDC0701_0z16,ayBlaByaBheMaaEspaeAbaMyaBaaEtaAspshMayMraMspahAlaBeeEspseMjaByaBnaA,"[16, 63, 106, 48, 4, 89, 5, 20, 106, 4, 91, 89, 88, 18, 81, 89, 7, 63, 34, 89, 86, 53, 106, 76]","[773.0, 70]",24
81,AAW_ARB_20070113.0017_3_LDC0701_0z17,baMayMdaMspahAnaAsptoBlaBbaMtaEspmaBnaBheEspahAdaMaaAraMteA,"[20, 18, 27, 89, 7, 76, 89, 101, 63, 20, 93, 89, 64, 77, 47, 89, 7, 27, 3, 81, 95]","[835.0, 70]",21
82,AAW_ARB_20070113.0017_3_LDC0701_0z18,aaAlaBseMjaBnaAspmaBsaMaaEdaMraMteAspkeBlaAspaaAlaBaeEwaMraMaaAkaAspspdotAsp,"[3, 63, 86, 53, 76, 89, 64, 83, 4, 27, 81, 95, 89, 58, 62, 89, 3, 63, 6, 102, 81, 3, 55, 89, 89, 32, 89]","[955.0, 70]",27
83,AAW_ARB_20070113.0017_3_LDC0701_00z2,maBalMaaEtaAspaaAlaBkeByaBlaBwaMmaBtaMraMaaAtaAspspspspspwaMheMyaAspaaAlaBmaBseMaaEfaMteeE,"[64, 12, 4, 91, 89, 3, 63, 58, 106, 63, 102, 64, 94, 81, 3, 91, 89, 89, 89, 89, 89, 102, 48, 105, 89, 3, 63, 64, 86, 4, 37, 96]","[994.0, 70]",32
84,AAW_ARB_20070113.0017_3_LDC0701_00z3,baMyaBnaAspaaAlaBmaBhaMaaEfaMhaMaaEtaAspaaAlaBbaMayMyaBdaMteAspmaBnaAspaaAlaBbaMsaMraMteA,"[20, 106, 76, 89, 3, 63, 64, 45, 4, 37, 45, 4, 91, 89, 3, 63, 20, 18, 106, 27, 95, 89, 64, 76, 89, 3, 63, 20, 83, 81, 95]","[1043.0, 70]",31
85,AAW_ARB_20070113.0017_3_LDC0701_00z4,waMmaBnaBheMmaEspyaBfaMdeBlaAspaaAlaBmaBbaMyaBtaEspfaMyaAspfaMnaBaaEdaMkaA,"[102, 64, 77, 48, 65, 89, 106, 37, 30, 62, 89, 3, 63, 64, 20, 106, 93, 89, 37, 105, 89, 37, 77, 4, 27, 55]","[746.0, 70]",26
86,AAW_ARB_20070113.0017_3_LDC0701_00z5,aaAlaBzaEbaMyaBraMspaaAlaBraMthBteeEspaaAlaBkaMraMyaBbaMteeEspmaBnaAspaeAmaE,"[3, 63, 108, 20, 106, 81, 89, 3, 63, 81, 98, 96, 89, 3, 63, 56, 81, 106, 20, 96, 89, 64, 76, 89, 5, 65]","[577.0, 70]",26
87,AAW_ARB_20070116.0018_5_LDC0710_00z4,waMtaBbaMayMyaBtaMheMaaEsplaBraMghBbaMaaEtaAspaaAlaBseMlaBtoBteeEspaaAlaBmaBtoBlaBkaMteeEspspdotAsp,"[102, 92, 20, 18, 106, 94, 48, 4, 89, 63, 81, 40, 20, 4, 91, 89, 3, 63, 86, 63, 101, 96, 89, 3, 63, 64, 101, 63, 56, 96, 89, 89, 32, 89]","[735.0, 70]",34
88,AAW_ARB_20070116.0018_5_LDC0710_00z5,waMyaBtaMbaMayEspheMdhMaaAspaaAlaBmaBnaBsaMbaEspspcomAspspaaAlaBdhMyaA,"[102, 106, 94, 20, 17, 89, 48, 31, 3, 89, 3, 63, 64, 77, 83, 19, 89, 89, 25, 89, 89, 3, 63, 31, 105]","[455.0, 70]",25
89,AAW_ARB_20070116.0018_5_LDC0710_00z6,yaBayMaaEdaMlaAspraMtaBbaMteeEspmaBdaMyaBraMspayBaaEmaEspspcomAsp,"[106, 18, 4, 27, 62, 89, 81, 92, 20, 96, 89, 64, 27, 106, 81, 89, 16, 4, 65, 89, 89, 25, 89]","[453.0, 70]",23
90,AAW_ARB_20070116.0018_5_LDC0710_00z7,maBbaMaaEshMraMteAsplaBraMalBaaEseMteeEspaaAlaBjaBmaBheMwaMraMyaBteeEspspcomAspspwaMyaBtaMmaBtaMayE,"[64, 20, 4, 88, 81, 95, 89, 63, 81, 10, 4, 86, 96, 89, 3, 63, 53, 64, 48, 102, 81, 106, 96, 89, 89, 25, 89, 89, 102, 106, 94, 64, 94, 17]","[736.0, 70]",34
91,AAW_ARB_20070116.0018_5_LDC0710_00z8,shMaaEghBlaBheEspbaMhaMmaBaaEyaBteeEspaaAlaBaeEmaBnaAspaaAlaBkhMaaEsaAspspdotAsp,"[88, 4, 40, 63, 47, 89, 20, 45, 64, 4, 106, 96, 89, 3, 63, 6, 64, 76, 89, 3, 63, 61, 4, 82, 89, 89, 32, 89]","[756.0, 70]",28
92,AAW_ARB_20070116.0018_5_LDC0710_00z9,aaAlaBbaMnaBdaMraMspspdotAspspdotAspspmaBhaMkeBmaBteeEspaaAlaBthMwaMraMteAspaaAlaBtaMyaAsptaBraMaeAseMheMaaE,"[3, 63, 20, 77, 27, 81, 89, 89, 32, 89, 89, 32, 89, 89, 64, 45, 58, 64, 96, 89, 3, 63, 100, 102, 81, 95, 89, 3, 63, 94, 105, 89, 92, 81, 5, 86, 48, 4]","[644.0, 70]",38
93,AAW_ARB_20070116.0039_3_LDC0703_0z16,aaAlaBkaMwaMaaAtaAspaaAlaBahEseMraMaaAalByaBlaByaBteeEspaeAmaBseAspfaMlaBseMtoByaBnaByaByaBnaAspfaMyaA,"[3, 63, 56, 102, 3, 91, 89, 3, 63, 8, 86, 81, 3, 10, 106, 63, 106, 96, 89, 5, 64, 85, 89, 37, 63, 86, 101, 106, 77, 106, 106, 76, 89, 37, 105]","[852.0, 70]",35
94,AAW_ARB_20070116.0039_3_LDC0703_0z17,shMmaBaaElaAspaaAlaBkaMtoBaaEayAspbaMzaEayBmaEspaaAnaBheMmaBaaEspkeBaaEnaBaaE,"[88, 64, 4, 62, 89, 3, 63, 56, 101, 4, 15, 89, 20, 108, 16, 65, 89, 3, 77, 48, 64, 4, 89, 58, 4, 77, 4]","[404.0, 70]",27
95,AAW_ARB_20070116.0039_3_LDC0703_0z18,yaBkaMtaMraMbaMaaEnaAspmaBnaAspaaAlaBseMyaBaaEjaAspaaAlaBhaMdaMwaMdaMyaAspspdotAsp,"[106, 56, 94, 81, 20, 4, 76, 89, 64, 76, 89, 3, 63, 86, 106, 4, 52, 89, 3, 63, 45, 27, 102, 27, 105, 89, 89, 32, 89]","[449.0, 70]",29
96,AAW_ARB_20070116.0039_3_LDC0703_00z2,ayBlaBeeEspaaAseMtaMayMdaMaaAdaMsptaBaaEmaEsplaBaeEyaBteeEspmaBwaMaaAjaBheMteeE,"[16, 63, 34, 89, 3, 86, 94, 18, 27, 3, 27, 89, 92, 4, 65, 89, 63, 6, 106, 96, 89, 64, 102, 3, 53, 48, 96]","[453.0, 70]",27
97,AAW_ARB_20070116.0039_7_LDC0710_00z1,waMaeAkeBdaMsphaMmaBaaEdaMspaaAlaBraMkaMbaEspspcomAspspaaAlaBmaBtaMhaMdaMthA,"[102, 5, 58, 27, 89, 45, 64, 4, 27, 89, 3, 63, 81, 56, 19, 89, 89, 25, 89, 89, 3, 63, 64, 94, 45, 27, 97]","[662.0, 70]",27
98,AAW_ARB_20070116.0124_2_LDC0008_00z3,spspspspmaBshMraMwaMayAsptaBtoBwaMyaBraMspmaBtoBaaEraMspaaAlaBmaBlaBkeEspayBbaMdaM,"[89, 89, 89, 89, 64, 88, 81, 102, 15, 89, 92, 101, 102, 106, 81, 89, 64, 101, 4, 81, 89, 3, 63, 64, 63, 59, 89, 16, 20, 27]","[822.0, 70]",30
99,AAW_ARB_20070116.0124_2_LDC0008_00z4,aaAlaBayMzaEyaBzaEspfaMyaAspjaBdaMteAspspcomAspspyaBayMtaMbaMraM,"[3, 63, 18, 108, 106, 108, 89, 37, 105, 89, 53, 27, 95, 89, 89, 25, 89, 89, 106, 18, 94, 20, 81]","[634.0, 70]",23
100,AAW_ARB_20070116.0124_2_LDC0008_00z5,baMmaBthMaaEbaMteeEspmaBtoBaaEraMspjaBdaMyaBdaMspseMyaBjaBseMdaMspaaAlaBnaBheMdeBteeE,"[20, 64, 100, 4, 20, 96, 89, 64, 101, 4, 81, 89, 53, 27, 106, 27, 89, 86, 106, 53, 86, 27, 89, 3, 63, 77, 48, 30, 96]","[790.0, 70]",29
101,AAW_ARB_20070116.0124_2_LDC0008_00z6,aaAlaBhaMdeBaaEraMyaBteeEspaaAlaBtaMyaAsptaBayMyaBshMheMaaEspaaAlaBmaBmaBlaBkeBteeEspayBlaBeeE,"[3, 63, 45, 30, 4, 81, 106, 96, 89, 3, 63, 94, 105, 89, 92, 18, 106, 88, 48, 4, 89, 3, 63, 64, 64, 63, 58, 96, 89, 16, 63, 34]","[757.0, 70]",32
102,AAW_ARB_20070116.0124_2_LDC0008_00z7,naBhaMwaMspyaBlaByaBkaAspbaMmaBkeBaaEnaBtaMheMaaEspaaAlaBtaMyaAsptaBtaMbaMwaMaeAheMaaE,"[77, 45, 102, 89, 106, 63, 106, 55, 89, 20, 64, 58, 4, 77, 94, 48, 4, 89, 3, 63, 94, 105, 89, 92, 94, 20, 102, 5, 48, 4]","[757.0, 70]",30
103,AAW_ARB_20070116.0124_2_LDC0008_00z8,ayBlaBeeEspaaAlaBmaBseMtaMwaMeeAspaaAlaBayMaaElaBmaByaAspspcomAspspkeBmaBaaE,"[16, 63, 34, 89, 3, 63, 64, 86, 94, 102, 33, 89, 3, 63, 18, 4, 63, 64, 105, 89, 89, 25, 89, 89, 58, 64, 4]","[676.0, 70]",27
104,AAW_ARB_20070116.0124_2_LDC0008_00z9,yaBayMtaMbaMraMspmaBtoBaaEraMaaAspraMaaAalBdaMaaAspbaMaaElaBmaBnaBtoBkaMteeEspmaBnaA,"[106, 18, 94, 20, 81, 89, 64, 101, 4, 81, 3, 89, 81, 3, 10, 27, 3, 89, 20, 4, 63, 64, 77, 101, 56, 96, 89, 64, 76]","[851.0, 70]",29
105,AAW_ARB_20070116.0124_6_LDC0701_0z15,faMyaAspaaAlaBayMaaElaBmaEspspcomAspsptaBshMaaEraMkeAspfaMyaA,"[37, 105, 89, 3, 63, 18, 4, 63, 65, 89, 89, 25, 89, 89, 92, 88, 4, 81, 57, 89, 37, 105]","[465.0, 70]",22
106,AAW_ARB_20070116.0124_6_LDC0701_0z16,heMdhMaaAspaaAlaBlaBkaMaaEhhAspwaMtaBkaMdaMmaEspaaAhaMdaMthAsptaBkaMnaByaBaaEtaBheMaaE,"[48, 31, 3, 89, 3, 63, 63, 56, 4, 49, 89, 102, 92, 56, 27, 65, 89, 3, 45, 27, 97, 89, 92, 56, 77, 106, 4, 92, 48, 4]","[750.0, 70]",30
107,AAW_ARB_20070116.0124_6_LDC0701_0z17,aaAlaBtaMyaAspaaAseMtaMkhMdaMmaBtaMheMaaEspfaMyaAspbaMnaBaaEhhAspwaMtaBtoBwaMyaBraM,"[3, 63, 94, 105, 89, 3, 86, 94, 61, 27, 64, 94, 48, 4, 89, 37, 105, 89, 20, 77, 4, 49, 89, 102, 92, 101, 102, 106, 81]","[926.0, 70]",29
108,AAW_ARB_20070116.0124_6_LDC0701_0z18,aaAlaBayMdaMyaBdaMspmaBnaAspaaAlaBmaBtoBaaEraMaaAtaAspaaAlaBdaMwaMlaByaBteeEspfaMyaA,"[3, 63, 18, 27, 106, 27, 89, 64, 76, 89, 3, 63, 64, 101, 4, 81, 3, 91, 89, 3, 63, 27, 102, 63, 106, 96, 89, 37, 105]","[1021.0, 70]",29
109,AAW_ARB_20070116.0124_6_LDC0701_0z19,maBkhMtaMlaBfaEspdaMwaMlaAspaaAlaBayMaaElaBmaEspspspspspspdotAsp,"[64, 61, 94, 63, 36, 89, 27, 102, 62, 89, 3, 63, 18, 4, 63, 65, 89, 89, 89, 89, 89, 89, 32, 89]","[418.0, 70]",24
110,AAW_ARB_20070116.0124_6_LDC0701_00z2,maBnaAspaaAlaBmaBtoBaaEraMaaAtaAspaaAlaBseMayMwaMdaMyaBteeEspspcomAspspayBraMdeBtaEspaaAmaBseA,"[64, 76, 89, 3, 63, 64, 101, 4, 81, 3, 91, 89, 3, 63, 86, 18, 102, 27, 106, 96, 89, 89, 25, 89, 89, 16, 81, 30, 93, 89, 3, 64, 85]","[1224.0, 70]",33
111,AAW_ARB_20070116.0124_6_LDC0701_00z3,n1An2AspshMraMkeBteeEspbaMraMyaBtoBaaEnaByaBteeEspmaBtaMkhMsaMsaMteeEspfaMyaAsptaBtoBwaMyaBraM,"[67, 68, 89, 88, 81, 58, 96, 89, 20, 81, 106, 101, 4, 77, 106, 96, 89, 64, 94, 61, 83, 83, 96, 89, 37, 105, 89, 92, 101, 102, 106, 81]","[1116.0, 70]",32
112,AAW_ARB_20070116.0124_6_LDC0701_00z4,waMtaBwaMseMayMteeEspwaMbaMnaBaaEhhAspaaAlaBmaBtoBaaEraMaaAtaAspspcomAspspaaAhaMdaMthA,"[102, 92, 102, 86, 18, 96, 89, 102, 20, 77, 4, 49, 89, 3, 63, 64, 101, 4, 81, 3, 91, 89, 89, 25, 89, 89, 3, 45, 27, 97]","[999.0, 70]",30
113,AAW_ARB_20070116.0124_6_LDC0701_00z5,taBkaMnaByaBaaEtaBheMaaEspwaMamAlaByaBaaEtaBheMaaEspfaMyaAspaaAlaBayMmaBlaAspaaAmaBaaEmaE,"[92, 56, 77, 106, 4, 92, 48, 4, 89, 102, 13, 63, 106, 4, 92, 48, 4, 89, 37, 105, 89, 3, 63, 18, 64, 62, 89, 3, 64, 4, 65]","[743.0, 70]",31
114,AAW_ARB_20070116.0124_6_LDC0701_00z6,heMyaBalMteeEspaaAlaBtoByaBraMaaAnaAspaaAlaBmaBdaMnaByaAspaaAlaBseMayMwaMdaMyaAspspcomAsp,"[48, 106, 12, 96, 89, 3, 63, 101, 106, 81, 3, 76, 89, 3, 63, 64, 27, 77, 105, 89, 3, 63, 86, 18, 102, 27, 105, 89, 89, 25, 89]","[952.0, 70]",31
115,AAW_ARB_20070116.0124_6_LDC0701_00z7,waMbaMhaMdeBwaMraMspaaAkeBthMraMspmaBnaAspn3An0An0AspmaBnaA,"[102, 20, 45, 30, 102, 81, 89, 3, 58, 100, 81, 89, 64, 76, 89, 69, 66, 66, 89, 64, 76]","[794.0, 70]",21
116,AAW_ARB_20070116.0124_6_LDC0701_00z8,raMjaBaaElaAspaaAlaBaaEayBmaBaaElaAspaaAlaBseMayMwaMdaMyaByaBnaAspaaAlaBmaBseMtaMthMmaBraMyaBnaAspfaMyaA,"[81, 53, 4, 62, 89, 3, 63, 4, 16, 64, 4, 62, 89, 3, 63, 86, 18, 102, 27, 106, 106, 76, 89, 3, 63, 64, 86, 94, 100, 64, 81, 106, 76, 89, 37, 105]","[1169.0, 70]",36
117,AAW_ARB_20070116.0124_6_LDC0701_00z9,maBjaBaaElaAspaaAnaBshMaaEhhAaaAtaAspaaAlaBmaBtoBaaEraMaaAtaAspaaAlaBseMayMwaMdaMyaBteeEspspdotAsp,"[64, 53, 4, 62, 89, 3, 77, 88, 4, 49, 3, 91, 89, 3, 63, 64, 101, 4, 81, 3, 91, 89, 3, 63, 86, 18, 102, 27, 106, 96, 89, 89, 32, 89]","[1130.0, 70]",34
118,AAW_ARB_20070117.0013_9_LDC0701_00z1,waMaeAdeBaaEfaEspaaAnaAspspspspspaaAlaBkaMwaMteAspaaAseMtaMwaMlaBtaE,"[102, 5, 30, 4, 36, 89, 3, 76, 89, 89, 89, 89, 89, 3, 63, 56, 102, 95, 89, 3, 86, 94, 102, 63, 93]","[838.0, 70]",25
119,AAW_ARB_20070118.0043_11_LDC0701_00z6,maBnaAspaaAlaBaaEkhMtoBaaEraMspaaAlaBtaMyaAspyaBmaBkeBnaAspaaAnaAspyaBsaMlaA,"[64, 76, 89, 3, 63, 4, 61, 101, 4, 81, 89, 3, 63, 94, 105, 89, 106, 64, 58, 76, 89, 3, 76, 89, 106, 83, 62]","[772.0, 70]",27
120,AAW_ARB_20070118.0043_11_LDC0701_00z7,aaAlaByaBheMaaEspaaAlaBbaMlaBdaMspaaAdhMaaAspaaAseMtaMmaBraMspaaAlaBwaMdeBayEspaaAlaBraMaaAheMnaAspspdotAspspdotAspspdotAsp,"[3, 63, 106, 48, 4, 89, 3, 63, 20, 63, 27, 89, 3, 31, 3, 89, 3, 86, 94, 64, 81, 89, 3, 63, 102, 30, 17, 89, 3, 63, 81, 3, 48, 76, 89, 89, 32, 89, 89, 32, 89, 89, 32, 89]","[923.0, 70]",44
121,AAW_ARB_20070118.0043_11_LDC0701_00z8,faMaaElaBnaBaaEseAsplaBmaEsptaBayMdaMsptaBhaMtaMmaBlaAspheMdhMaaA,"[37, 4, 63, 77, 4, 85, 89, 63, 65, 89, 92, 18, 27, 89, 92, 45, 94, 64, 62, 89, 48, 31, 3]","[553.0, 70]",23
122,AAW_ARB_20070118.0043_11_LDC0701_00z9,aaAlaBwaMdeBayEspayBlaBeeEspaaAlaBsaMayMdaMspaaAlaBaaEjaBtaMmaBaaEayByaBteeEspwaMaaAlaBmaBayMyaBshMyaBteeEspwaMaaAlaBaaEkaMtaMsaMaaEdaMyaBteeEspspdotAsp,"[3, 63, 102, 30, 17, 89, 16, 63, 34, 89, 3, 63, 83, 18, 27, 89, 3, 63, 4, 53, 94, 64, 4, 16, 106, 96, 89, 102, 3, 63, 64, 18, 106, 88, 106, 96, 89, 102, 3, 63, 4, 56, 94, 83, 4, 27, 106, 96, 89, 89, 32, 89]","[1173.0, 70]",52
123,AAW_ARB_20070118.0063_5_LDC0057_0z10,waMtaBnaBaaEwaMlaAspzaAayByaBmaEsphaMzaEbaEspaaAlaBhaMraMyaBteeEspaaAlaBheMwaMlaBnaBdaMyaA,"[102, 92, 77, 4, 102, 62, 89, 107, 16, 106, 65, 89, 45, 108, 19, 89, 3, 63, 45, 81, 106, 96, 89, 3, 63, 48, 102, 63, 77, 27, 105]","[484.0, 70]",31
124,AAW_ARB_20070118.0063_5_LDC0057_0z11,faMtaMraMteAsptoBfaMwaMlaBtaMheEspwaMshMbaMaaEbaMheEspaaAlaBtaMyaAspaeAmaBdeBaaEheMaaEspfaMyaA,"[37, 94, 81, 95, 89, 101, 37, 102, 63, 94, 47, 89, 102, 88, 20, 4, 20, 47, 89, 3, 63, 94, 105, 89, 5, 64, 30, 4, 48, 4, 89, 37, 105]","[507.0, 70]",33
125,AAW_ARB_20070118.0063_5_LDC0057_0z12,aeAhaMdaMspaeAhaMyaBaaEhhAspmaBdaMyaBnaBteeEspaaAwaMtaBraMkhMtaEspspcomAspspkaMbaMlaA,"[5, 45, 27, 89, 5, 45, 106, 4, 49, 89, 64, 27, 106, 77, 96, 89, 3, 102, 92, 81, 61, 93, 89, 89, 25, 89, 89, 56, 20, 62]","[439.0, 70]",30
126,AAW_ARB_20070118.0063_5_LDC0057_0z13,aeAnaAspyaBraMhaMlaAspmaBnaBheEspnaBtaMyaBjaBteeEsptaBzaEaaAyaBdaM,"[5, 76, 89, 106, 81, 45, 62, 89, 64, 77, 47, 89, 77, 94, 106, 53, 96, 89, 92, 108, 3, 106, 27]","[438.0, 70]",23
127,AAW_ARB_20070118.0063_5_LDC0057_0z14,aeAayBdaMaaAdaMspaaAlaBseMkeBaaEnaAspmaBnaAspaaAlaBaeEjaBaaEnaBbaEspmaBnaA,"[5, 16, 27, 3, 27, 89, 3, 63, 86, 58, 4, 76, 89, 64, 76, 89, 3, 63, 6, 53, 4, 77, 19, 89, 64, 76]","[513.0, 70]",26
128,AAW_ARB_20070118.0063_5_LDC0057_0z15,aeAsaMwaMlaAspghByaBraMspghBraMbaMyaBteeEspspcomAspspwaMaaAlaBeeE,"[5, 83, 102, 62, 89, 40, 106, 81, 89, 40, 81, 20, 106, 96, 89, 89, 25, 89, 89, 102, 3, 63, 34]","[407.0, 70]",23
129,AAW_ARB_20070118.0063_5_LDC0057_0z16,aeAyaAspdaMraMjaBteeEsptaBraMdaMtaAspaaAlaBhaMaaElaBteeEspfaMyaA,"[5, 105, 89, 27, 81, 53, 96, 89, 92, 81, 27, 91, 89, 3, 63, 45, 4, 63, 96, 89, 37, 105]","[411.0, 70]",22
130,AAW_ARB_20070118.0063_5_LDC0057_0z17,heMdhMaaAspaaAlaBhaMyaAspwaMtaBzaEaaAyaBdaMtaAspaaAlaBjaBraMyaBmaBteeEspspdotAsp,"[48, 31, 3, 89, 3, 63, 45, 105, 89, 102, 92, 108, 3, 106, 27, 91, 89, 3, 63, 53, 81, 106, 64, 96, 89, 89, 32, 89]","[518.0, 70]",28
131,AAW_ARB_20070118.0063_5_LDC0057_00z2,maBnaAspmaBwaMkaMfaEsptoBlaBbaMteeEspaaAlaBmaBdaMaaAraMseAspmaBnaA,"[64, 76, 89, 64, 102, 56, 36, 89, 101, 63, 20, 96, 89, 3, 63, 64, 27, 3, 81, 85, 89, 64, 76]","[568.0, 70]",23
132,AAW_ARB_20070118.0063_5_LDC0057_00z3,aaAlaBhaMzaEbaEspaaAlaByaBmaByaBnaByaAspaaAlaBjaBdaMyaBdaMspspcomAspspbaMaaElaBraMghBmaE,"[3, 63, 45, 108, 19, 89, 3, 63, 106, 64, 106, 77, 105, 89, 3, 63, 53, 27, 106, 27, 89, 89, 25, 89, 89, 20, 4, 63, 81, 40, 65]","[511.0, 70]",31
133,AAW_ARB_20070118.0063_5_LDC0057_00z4,maBnaAspaeAnaAspayBdaMdaMaaAspkeBbaMyaBraMaaAspmaBnaBheMmaE,"[64, 76, 89, 5, 76, 89, 16, 27, 27, 3, 89, 58, 20, 106, 81, 3, 89, 64, 77, 48, 65]","[361.0, 70]",21
134,AAW_ARB_20070118.0063_5_LDC0057_00z5,laBaaEspyaBayMyaBshAspfaMyaAspmaBnaBaaEtoBkaAsptaBkaMtoBnaBheMaaE,"[63, 4, 89, 106, 18, 106, 87, 89, 37, 105, 89, 64, 77, 4, 101, 55, 89, 92, 56, 101, 77, 48, 4]","[468.0, 70]",23
135,AAW_ARB_20070118.0063_5_LDC0057_00z6,aeAayBdaMaaAdaMspkeBbaMyaBraMteAspmaBnaAspaaAlaBaeEjaBaaEnaBbaEspspcomAsp,"[5, 16, 27, 3, 27, 89, 58, 20, 106, 81, 95, 89, 64, 76, 89, 3, 63, 6, 53, 4, 77, 19, 89, 89, 25, 89]","[379.0, 70]",26
136,AAW_ARB_20070118.0063_5_LDC0057_00z7,baMlaAspahAnaAspaaAlaBbaMayMdeAspmaBnaBheMmaEspyaBayMyaBshA,"[20, 62, 89, 7, 76, 89, 3, 63, 20, 18, 29, 89, 64, 77, 48, 65, 89, 106, 18, 106, 87]","[412.0, 70]",21
137,AAW_ARB_20070118.0063_5_LDC0057_00z8,faMyaAspshMwaMaaAraMayAsplaBaaEspyaBwaMjaBdaMspfaMyaBheMaaE,"[37, 105, 89, 88, 102, 3, 81, 15, 89, 63, 4, 89, 106, 102, 53, 27, 89, 37, 106, 48, 4]","[325.0, 70]",21
138,AAW_ARB_20070118.0063_5_LDC0057_00z9,seMkeBaaEnaAspmaBnaAspaeAsaMwaMlaAspaeAjaBnaBbaMyaBteeEspspdotAsp,"[86, 58, 4, 76, 89, 64, 76, 89, 5, 83, 102, 62, 89, 5, 53, 77, 20, 106, 96, 89, 89, 32, 89]","[355.0, 70]",23
139,AAW_ARB_20070118.0083_7_LDC0701_00z1,ayBnaBdaMmaBaaEspyaBtaMfaMaaEkhMraMspsaMdaMaaAmaEsphaMseMyaBnaAspspcomAsp,"[16, 77, 27, 64, 4, 89, 106, 94, 37, 4, 61, 81, 89, 83, 27, 3, 65, 89, 45, 86, 106, 76, 89, 89, 25, 89]","[560.0, 70]",26
140,AAW_ARB_20070118.0083_7_LDC0701_0z10,yaBseMtaMdaMayByaAspheMdhMaaAspaeAnaAspyaBtaMseMaaEhhAlaAspaaAlaBnaBaaEalBhaMwaMnaA,"[106, 86, 94, 27, 16, 105, 89, 48, 31, 3, 89, 5, 76, 89, 106, 94, 86, 4, 49, 62, 89, 3, 63, 77, 4, 10, 45, 102, 76]","[985.0, 70]",29
141,AAW_ARB_20070118.0083_7_LDC0701_0z11,aaAlaBamEnaAspayBmaBaaEspahAdhMaaAspkeBaaEnaAspwaMfaMraM,"[3, 63, 14, 76, 89, 16, 64, 4, 89, 7, 31, 3, 89, 58, 4, 76, 89, 102, 37, 81]","[843.0, 70]",20
142,AAW_ARB_20070118.0083_7_LDC0701_0z12,heMdhMaaAspaaAlaBdaMyaBkeBtaMaaEtaBwaMraMsplaBheMdhMyaBnaAspaaAlaBraMalByaBseMyaBnaAspwaMlaBlaBmaBalMaaEtaA,"[48, 31, 3, 89, 3, 63, 27, 106, 58, 94, 4, 92, 102, 81, 89, 63, 48, 31, 106, 76, 89, 3, 63, 81, 10, 106, 86, 106, 76, 89, 102, 63, 63, 64, 12, 4, 91]","[995.0, 70]",37
143,AAW_ARB_20070118.0083_7_LDC0701_0z13,maBnaAspkaMaaEdaMteAsphaMzaEbaEspaaAlaBbaMayMthEspwaMlaBlaBayMshMraMaaAtaA,"[64, 76, 89, 56, 4, 27, 95, 89, 45, 108, 19, 89, 3, 63, 20, 18, 99, 89, 102, 63, 63, 18, 88, 81, 3, 91]","[1054.0, 70]",26
144,AAW_ARB_20070118.0083_7_LDC0701_0z14,maBnaAspaaAlaBmaBraMjaBayMyaBaaEtaAspaaAlaBkeBbaMraMeeAspmaBhaMaaEkeBmaBaaEtaAspspcomAsp,"[64, 76, 89, 3, 63, 64, 81, 53, 18, 106, 4, 91, 89, 3, 63, 58, 20, 81, 33, 89, 64, 45, 4, 58, 64, 4, 91, 89, 89, 25, 89]","[1071.0, 70]",31
145,AAW_ARB_20070118.0083_7_LDC0701_0z15,waMlaBwaMspayBlaBeeEspghBraMaaAraMspaaAlaBmaBhaMkeBmaBteeE,"[102, 63, 102, 89, 16, 63, 34, 89, 40, 81, 3, 81, 89, 3, 63, 64, 45, 58, 64, 96]","[760.0, 70]",20
146,AAW_ARB_20070118.0083_7_LDC0701_0z16,spspspspaaAlaBkaMraMaaAkaMwaMshMyaBteeEspspspspspaaAlaBtaMyaAsphaMkeBmaBtaE,"[89, 89, 89, 89, 3, 63, 56, 81, 3, 56, 102, 88, 106, 96, 89, 89, 89, 89, 89, 3, 63, 94, 105, 89, 45, 58, 64, 93]","[904.0, 70]",28
147,AAW_ARB_20070118.0083_7_LDC0701_0z17,ayBlaByaBheEspbaMaaElaBahEayBdaMaaAmaEspspdotAspspdotAspspspspsp,"[16, 63, 106, 47, 89, 20, 4, 63, 8, 16, 27, 3, 65, 89, 89, 32, 89, 89, 32, 89, 89, 89, 89, 89]","[429.0, 70]",24
148,AAW_ARB_20070118.0083_7_LDC0701_00z2,baMayMdaMspseMyaBtoBraMtaBheEspayBlaBeeEspmaBkaMaaElaByaBdaMspaaAlaBhaMkeBmaEspspcomAsp,"[20, 18, 27, 89, 86, 106, 101, 81, 92, 47, 89, 16, 63, 34, 89, 64, 56, 4, 63, 106, 27, 89, 3, 63, 45, 58, 65, 89, 89, 25, 89]","[611.0, 70]",31
149,AAW_ARB_20070118.0083_7_LDC0701_00z3,baMaeEnaBheEspsaMaaEhaMbaEspaaAlaBdaMwaMraMspaaAlaBraMalByaBseMyaAspfaMyaA,"[20, 6, 77, 47, 89, 83, 4, 45, 19, 89, 3, 63, 27, 102, 81, 89, 3, 63, 81, 10, 106, 86, 105, 89, 37, 105]","[863.0, 70]",26
150,AAW_ARB_20070118.0083_7_LDC0701_00z4,maBhaMaaEwaMlaBteeEspaaAghBtaMyaBaaElaAspayBbaMdaMspaaAlaBkeBraMyaBmaEspkaMaaEseMmaEspspcomAsp,"[64, 45, 4, 102, 63, 96, 89, 3, 40, 94, 106, 4, 62, 89, 16, 20, 27, 89, 3, 63, 58, 81, 106, 65, 89, 56, 4, 86, 65, 89, 89, 25, 89]","[687.0, 70]",33
151,AAW_ARB_20070118.0083_7_LDC0701_00z5,aaAlaBfaMaaEshMlaBteeEspspcomAspspwaMyaBhaMwaMlaAspheMdhMheAspaaAlaBmaBhaMaaEwaMlaBteeE,"[3, 63, 37, 4, 88, 63, 96, 89, 89, 25, 89, 89, 102, 106, 45, 102, 62, 89, 48, 31, 46, 89, 3, 63, 64, 45, 4, 102, 63, 96]","[1070.0, 70]",30
152,AAW_ARB_20070118.0083_7_LDC0701_00z6,aaAlaBeeEspfaMyaBlaBmaEspwaMthBaaEalBkaMyaAspspcomAspspwaMayBnaBdaMmaBaaE,"[3, 63, 34, 89, 37, 106, 63, 65, 89, 102, 98, 4, 10, 56, 105, 89, 89, 25, 89, 89, 102, 16, 77, 27, 64, 4]","[550.0, 70]",26
153,AAW_ARB_20070118.0083_7_LDC0701_00z7,laBaaEspyaBnaBkeBraMspaeAnaBheEspheMwaMspaaAlaBdhMyaA,"[63, 4, 89, 106, 77, 58, 81, 89, 5, 77, 47, 89, 48, 102, 89, 3, 63, 31, 105]","[549.0, 70]",19
154,AAW_ARB_20070118.0083_7_LDC0701_00z8,raMtaBbaEsptaBfaMjaByaBraMsptoBaaEalBraMteAspayBbaMdaMspaaAlaBseMlaBaaEmaE,"[81, 92, 19, 89, 92, 37, 53, 106, 81, 89, 101, 4, 10, 81, 95, 89, 16, 20, 27, 89, 3, 63, 86, 63, 4, 65]","[653.0, 70]",26
155,AAW_ARB_20070118.0083_7_LDC0701_00z9,ayBaaEraMfaEspbaMmaBnaAspfaMyaBheMaaEspspdotAspspdotAspspaeAlaBaaE,"[16, 4, 81, 36, 89, 20, 64, 76, 89, 37, 106, 48, 4, 89, 89, 32, 89, 89, 32, 89, 89, 5, 63, 4]","[521.0, 70]",24
156,AAW_ARB_20070118.0115_2_LDC0701_00z1,waMkeBaaEnaBtaEspwaMzaAaaAraMteAspaaAlaBhaMjaEspseMjaBlaBtaEspaaAlaBaaEseMbaMwaMayAspaaAlaBmaBnaBsaMraMmaE,"[102, 58, 4, 77, 93, 89, 102, 107, 3, 81, 95, 89, 3, 63, 45, 54, 89, 86, 53, 63, 93, 89, 3, 63, 4, 86, 20, 102, 15, 89, 3, 63, 64, 77, 83, 81, 65]","[980.0, 70]",37
157,AAW_ARB_20070118.0115_2_LDC0701_0z10,waMkeBaaEnaAspaaAlaBhaMjaBaaEjaAspwaMkaMayMwaMaaAspayBkaMwaMdaMaaAsplaBlaBhaMjaE,"[102, 58, 4, 76, 89, 3, 63, 45, 53, 4, 52, 89, 102, 56, 18, 102, 3, 89, 16, 56, 102, 27, 3, 89, 63, 63, 45, 54]","[660.0, 70]",28
158,AAW_ARB_20070118.0115_2_LDC0701_0z11,maBayEspaaAlaBshMraMkeBteeEspwaMbaMayMdaMspaaAnaBtaMheMaaEhhAspaaAlaBmaBwaMseMmaE,"[64, 17, 89, 3, 63, 88, 81, 58, 96, 89, 102, 20, 18, 27, 89, 3, 77, 94, 48, 4, 49, 89, 3, 63, 64, 102, 86, 65]","[714.0, 70]",28
159,AAW_ARB_20070118.0115_2_LDC0701_0z12,faMwaMjaBalMwaMaaAspbaMaaElaBfaMnaBdaMkaAspyaBtoBaaElaBbaMheMmaEspbaMaaElaBraMhaMyaBlaAspwaMaaAlaBmaBghMaaEdaMraMteA,"[37, 102, 53, 12, 102, 3, 89, 20, 4, 63, 37, 77, 27, 55, 89, 106, 101, 4, 63, 20, 48, 65, 89, 20, 4, 63, 81, 45, 106, 62, 89, 102, 3, 63, 64, 42, 4, 27, 81, 95]","[863.0, 70]",40
160,AAW_ARB_20070118.0115_2_LDC0701_0z13,kaMbaMlaAspaaAlaBmaBwaMayBdaMspnaBhaMraMaaAsplaBaaEnaBtaMheMaaEhhAspayBkaMdaM,"[56, 20, 62, 89, 3, 63, 64, 102, 16, 27, 89, 77, 45, 81, 3, 89, 63, 4, 77, 94, 48, 4, 49, 89, 16, 56, 27]","[705.0, 70]",27
161,AAW_ARB_20070118.0115_2_LDC0701_0z14,aaAlaBaaEyaBjaBaaEraMspmaBayEspaaAlaBshMraMkeBteeEspspdotAsp,"[3, 63, 4, 106, 53, 4, 81, 89, 64, 17, 89, 3, 63, 88, 81, 58, 96, 89, 89, 32, 89]","[480.0, 70]",21
162,AAW_ARB_20070118.0115_2_LDC0701_0z15,waMhaMmaBlaAspkaMaaEdeByaAsphaMjaBaaEjaAspaaAlaBdaMaaAkhMlaAspaaAlaBlaBwaMmaEsplaBayMdaMmaE,"[102, 45, 64, 62, 89, 56, 4, 30, 105, 89, 45, 53, 4, 52, 89, 3, 63, 27, 3, 61, 62, 89, 3, 63, 63, 102, 65, 89, 63, 18, 27, 65]","[667.0, 70]",32
163,AAW_ARB_20070118.0115_2_LDC0701_0z16,haMsaMwaMlaBheMmaEspayBlaBeeEspmaBayMlaBwaMmaBaaEtaAspayBnaAspaaAlaBshMraMkeBaaEtaAspaaAlaBtaMyaA,"[45, 83, 102, 63, 48, 65, 89, 16, 63, 34, 89, 64, 18, 63, 102, 64, 4, 91, 89, 16, 76, 89, 3, 63, 88, 81, 58, 4, 91, 89, 3, 63, 94, 105]","[837.0, 70]",34
164,AAW_ARB_20070118.0115_2_LDC0701_0z17,yaBayMtaMzaEmaBwaMnaAspaaAlaBhaMjaEspmaBayMheMaaEspspcomAspspseMwaMaaAhhAspmaBnaA,"[106, 18, 94, 108, 64, 102, 76, 89, 3, 63, 45, 54, 89, 64, 18, 48, 4, 89, 89, 25, 89, 89, 86, 102, 3, 49, 89, 64, 76]","[683.0, 70]",29
165,AAW_ARB_20070118.0115_2_LDC0701_0z18,khMlaBaaElaAspaaAlaBwaMzaAaaAraMteAspaaAwaMspmaBnaAspkhMlaBaaElaA,"[61, 63, 4, 62, 89, 3, 63, 102, 107, 3, 81, 95, 89, 3, 102, 89, 64, 76, 89, 61, 63, 4, 62]","[812.0, 70]",23
166,AAW_ARB_20070118.0115_2_LDC0701_0z19,aaAlaBraMkaMmaEspaaAlaBmaBjaBaaEnaByaAspaaAlaBkhMaaEsaAspbaMheMaaEspspdotAsp,"[3, 63, 81, 56, 65, 89, 3, 63, 64, 53, 4, 77, 105, 89, 3, 63, 61, 4, 82, 89, 20, 48, 4, 89, 89, 32, 89]","[483.0, 70]",27
167,AAW_ARB_20070118.0115_2_LDC0701_00z2,haMaaElaBaaEtaAspaaAkhMlaBaaElaAspshMraMkeBaaEtaAspbaMmaBwaMaaAayByaBdaMspaaAlaBnaBkaMlaAspspcomAsp,"[45, 4, 63, 4, 91, 89, 3, 61, 63, 4, 62, 89, 88, 81, 58, 4, 91, 89, 20, 64, 102, 3, 16, 106, 27, 89, 3, 63, 77, 56, 62, 89, 89, 25, 89]","[1057.0, 70]",35
168,AAW_ARB_20070118.0115_2_LDC0701_00z3,haMyaBthEsptaBraMkeAspmaBaaEspyaBkaMraMbaEspmaBnaAspn7A,"[45, 106, 99, 89, 92, 81, 57, 89, 64, 4, 89, 106, 56, 81, 19, 89, 64, 76, 89, 73]","[629.0, 70]",20
169,AAW_ARB_20070118.0115_2_LDC0701_00z4,amAlaBaaEfaEsphaMaaEjaAspmaBnaAspaeAwaMraMwaMbaMaaEspwaMaeAmaByaBraMkeBaaE,"[13, 63, 4, 36, 89, 45, 4, 52, 89, 64, 76, 89, 5, 102, 81, 102, 20, 4, 89, 102, 5, 64, 106, 81, 58, 4]","[676.0, 70]",26
170,AAW_ARB_20070118.0115_2_LDC0701_00z5,baMdaMwaMnaAspraMhaMlaBaaEtaAspspcomAspspaaAdeBaaEfaMteeEspaaAlaBeeE,"[20, 27, 102, 76, 89, 81, 45, 63, 4, 91, 89, 89, 25, 89, 89, 3, 30, 4, 37, 96, 89, 3, 63, 34]","[869.0, 70]",24
171,AAW_ARB_20070118.0115_2_LDC0701_00z6,taBdaMkhMlaAspaaAlaBwaMzaAaaAraMteAsplaBaaEhaMtaMwaMaaAhhAspkhMlaBaaEfaEspnaBshMbaE,"[92, 27, 61, 62, 89, 3, 63, 102, 107, 3, 81, 95, 89, 63, 4, 45, 94, 102, 3, 49, 89, 61, 63, 4, 36, 89, 77, 88, 19]","[1187.0, 70]",29
172,AAW_ARB_20070118.0115_2_LDC0701_00z7,baMyaBnaAspshMraMkeBteeEsphaMjaEspbaMraMyaBtoBaaEnaByaBteeEspwaMbaMyaBnaA,"[20, 106, 76, 89, 88, 81, 58, 96, 89, 45, 54, 89, 20, 81, 106, 101, 4, 77, 106, 96, 89, 102, 20, 106, 76]","[722.0, 70]",25
173,AAW_ARB_20070118.0115_2_LDC0701_00z8,n1An5An0AsphaMaaEjaBaaEspyaBhaMmaBlaBwaMnaAspaaAlaBjaBnaBseMyaBteeEspaaAlaBbaMraMyaBtoBaaEnaByaBteeEspspcomAsp,"[67, 71, 66, 89, 45, 4, 53, 4, 89, 106, 45, 64, 63, 102, 76, 89, 3, 63, 53, 77, 86, 106, 96, 89, 3, 63, 20, 81, 106, 101, 4, 77, 106, 96, 89, 89, 25, 89]","[1045.0, 70]",38
174,AAW_ARB_20070118.0115_2_LDC0701_00z9,waMaeAhaMdaMspaaAlaBfaMnaBaaEdaMkaAspbaMmaBkeBteeEspaaAlaBmaBkeBraMmaBteeEspspcomAsp,"[102, 5, 45, 27, 89, 3, 63, 37, 77, 4, 27, 55, 89, 20, 64, 58, 96, 89, 3, 63, 64, 58, 81, 64, 96, 89, 89, 25, 89]","[830.0, 70]",29
175,AAW_ARB_20070118.0115_5_LDC0057_00z1,keBshMfaMtaEspwaMzaAaaAraMteAspaaAlaBhaMjaEspaaAlaBseMayMwaMdaMyaBteeEspspcomAsp,"[58, 88, 37, 93, 89, 102, 107, 3, 81, 95, 89, 3, 63, 45, 54, 89, 3, 63, 86, 18, 102, 27, 106, 96, 89, 89, 25, 89]","[482.0, 70]",28
176,AAW_ARB_20070118.0115_5_LDC0057_0z10,aaAlaBhaMjaEspmaBraMteAspaaAkhMraMeeAspspdotAsp,"[3, 63, 45, 54, 89, 64, 81, 95, 89, 3, 61, 81, 33, 89, 89, 32, 89]","[273.0, 70]",17
177,AAW_ARB_20070118.0115_5_LDC0057_0z11,waMaeAwaMdeBhaEsphaMaaEtaBmaEspkaMaaEdeByaAspspcomAspspwaMkeByaBlaAspwaMzaAaaAraMteA,"[102, 5, 102, 30, 44, 89, 45, 4, 92, 65, 89, 56, 4, 30, 105, 89, 89, 25, 89, 89, 102, 58, 106, 62, 89, 102, 107, 3, 81, 95]","[425.0, 70]",30
178,AAW_ARB_20070118.0115_5_LDC0057_0z12,aaAlaBhaMjaEsplaBshMwlEwaMnaAspaaAlaBhaMjaEspspcomAspspbaMaeEnaAspheMdhMaaA,"[3, 63, 45, 54, 89, 63, 88, 104, 102, 76, 89, 3, 63, 45, 54, 89, 89, 25, 89, 89, 20, 6, 76, 89, 48, 31, 3]","[493.0, 70]",27
179,AAW_ARB_20070118.0115_5_LDC0057_0z13,aaAlaBayMaaEmaEspshMheMdaMspaeAkaMlaAspayBmaBlaByaBaaEtaAspnaBsaMbaEspmaBnaA,"[3, 63, 18, 4, 65, 89, 88, 48, 27, 89, 5, 56, 62, 89, 16, 64, 63, 106, 4, 91, 89, 77, 83, 19, 89, 64, 76]","[514.0, 70]",27
180,AAW_ARB_20070118.0115_5_LDC0057_0z14,kaMbaMlaAspshMraMkeBaaEtaAspwaMheMmaByaBteeEsplaBhaMjaBaaEjaAspaaAlaBdaMaaAkhMlaAspspcomAsp,"[56, 20, 62, 89, 88, 81, 58, 4, 91, 89, 102, 48, 64, 106, 96, 89, 63, 45, 53, 4, 52, 89, 3, 63, 27, 3, 61, 62, 89, 89, 25, 89]","[451.0, 70]",32
181,AAW_ARB_20070118.0115_5_LDC0057_0z15,waMdhMlaBkeEsplaBaeEnaBheEspbaMdaMalAspheMdhMaaAspaaAlaBayMaaEmaE,"[102, 31, 63, 59, 89, 63, 6, 77, 47, 89, 20, 27, 9, 89, 48, 31, 3, 89, 3, 63, 18, 4, 65]","[488.0, 70]",23
182,AAW_ARB_20070118.0115_5_LDC0057_0z16,baMnaBhaMaaEmaEsphaMjaBaaEjaAspaaAlaBdaMaaAkhMlaAspspcomAspspaaAlaBdhMyaA,"[20, 77, 45, 4, 65, 89, 45, 53, 4, 52, 89, 3, 63, 27, 3, 61, 62, 89, 89, 25, 89, 89, 3, 63, 31, 105]","[456.0, 70]",26
183,AAW_ARB_20070118.0115_5_LDC0057_0z17,yaBnaBsaAspayBlaBeeEsptaBshMdaMyaBdaMspaaAlaBayMkaMwaMbaMteeEspayBlaBeeE,"[106, 77, 82, 89, 16, 63, 34, 89, 92, 88, 27, 106, 27, 89, 3, 63, 18, 56, 102, 20, 96, 89, 16, 63, 34]","[490.0, 70]",25
184,AAW_ARB_20070118.0115_5_LDC0057_0z18,aaAlaBshMraMkeBaaEtaAspwaMaaAlaBaeEshMkhMaaEsaAspaaAlaBmaBkhMaaElaBfaMyaBnaAspspdotAsp,"[3, 63, 88, 81, 58, 4, 91, 89, 102, 3, 63, 6, 88, 61, 4, 82, 89, 3, 63, 64, 61, 4, 63, 37, 106, 76, 89, 89, 32, 89]","[589.0, 70]",30
185,AAW_ARB_20070118.0115_5_LDC0057_00z2,aaAnaBheMaaEsptaBjaBraMyaAsptaBhaMkaMyaBkaMaaEtaAspmaBayEspayBdaMdaM,"[3, 77, 48, 4, 89, 92, 53, 81, 105, 89, 92, 45, 56, 106, 56, 4, 91, 89, 64, 17, 89, 16, 27, 27]","[529.0, 70]",24
186,AAW_ARB_20070118.0115_5_LDC0057_00z3,maBnaAspshMraMkeBaaEtaAspaaAlaBhaMjaEspaaAlaBkhMaaEraMjaByaBteeEspspcomAsp,"[64, 76, 89, 88, 81, 58, 4, 91, 89, 3, 63, 45, 54, 89, 3, 63, 61, 4, 81, 53, 106, 96, 89, 89, 25, 89]","[588.0, 70]",26
187,AAW_ARB_20070118.0115_5_LDC0057_00z4,aaAlaBtaMyaAsplaBmaEsptaBlaBtaMzaEmaEspmaBayEsphaMjaBaaEjaBheMaaE,"[3, 63, 94, 105, 89, 63, 65, 89, 92, 63, 94, 108, 65, 89, 64, 17, 89, 45, 53, 4, 53, 48, 4]","[408.0, 70]",23
188,AAW_ARB_20070118.0115_5_LDC0057_00z5,baMtaMkaMdaMyaBmaEspkeBaaEfaMteeEspaaAlaBkhMdaMmaBaaEtaAspaaAlaBtaMyaAsptaBmaE,"[20, 94, 56, 27, 106, 65, 89, 58, 4, 37, 96, 89, 3, 63, 61, 27, 64, 4, 91, 89, 3, 63, 94, 105, 89, 92, 65]","[567.0, 70]",27
189,AAW_ARB_20070118.0115_5_LDC0057_00z6,aaAlaBaaEtaBfaMaaEkaAspayBlaByaBheMaaEspwaMseMjaBlaBtaEspshMkeBaaEwaMeeAspdeBdaMheMaaEspspcomAsp,"[3, 63, 4, 92, 37, 4, 55, 89, 16, 63, 106, 48, 4, 89, 102, 86, 53, 63, 93, 89, 88, 58, 4, 102, 33, 89, 30, 27, 48, 4, 89, 89, 25, 89]","[639.0, 70]",34
190,AAW_ARB_20070118.0115_5_LDC0057_00z7,maBshMyaBraMteAspaaAlaBeeEspaaAnaAspayBkaMwaMbaMaaEtaAspseMtaMtoBaaElaA,"[64, 88, 106, 81, 95, 89, 3, 63, 34, 89, 3, 76, 89, 16, 56, 102, 20, 4, 91, 89, 86, 94, 101, 4, 62]","[596.0, 70]",25
191,AAW_ARB_20070118.0115_5_LDC0057_00z8,aaAlaBshMraMkeBaaEtaAspghByaBraMspaaAlaBmaBlaBtaMzaEmaBteeEspkaMdaMsptaBsaMlaA,"[3, 63, 88, 81, 58, 4, 91, 89, 40, 106, 81, 89, 3, 63, 64, 63, 94, 108, 64, 96, 89, 56, 27, 89, 92, 83, 62]","[647.0, 70]",27
192,AAW_ARB_20070118.0115_5_LDC0057_00z9,aaAlaBeeEspmaBnaBayMheMaaEspmaBnaAspaaAlaBayMmaBlaAspfaMyaA,"[3, 63, 34, 89, 64, 77, 18, 48, 4, 89, 64, 76, 89, 3, 63, 18, 64, 62, 89, 37, 105]","[396.0, 70]",21
193,AAW_ARB_20070119.0021_1_LDC0008_00z0,aaAayBtaMbaMraMspmaBhaMaaEfaMzhaEspkeBraMkeBwaMkeAspayBbaMdaMspaaAlaBraMhaMmaBnaAspmaBsaMtoBfaMeeEspspcomAsp,"[3, 16, 94, 20, 81, 89, 64, 45, 4, 37, 110, 89, 58, 81, 58, 102, 57, 89, 16, 20, 27, 89, 3, 63, 81, 45, 64, 76, 89, 64, 83, 101, 37, 34, 89, 89, 25, 89]","[989.0, 70]",38
194,AAW_ARB_20070119.0021_1_LDC0008_00z1,waMkeBdhMlaBkeEspmaBjaBlaBseAspmaBhaMaaEfaMhaMteeEspkeBraMkeBwaMkeAspspcomAsp,"[102, 58, 31, 63, 59, 89, 64, 53, 63, 85, 89, 64, 45, 4, 37, 45, 96, 89, 58, 81, 58, 102, 57, 89, 89, 25, 89]","[783.0, 70]",27
195,AAW_ARB_20070119.0021_1_LDC0008_0z10,aeAnaAspspspspspmaBdaMyaBnaBteeEspkeBraMkeBwaMkeAspayBraMaaAkaMyaBteeEspspcomAsp,"[5, 76, 89, 89, 89, 89, 89, 64, 27, 106, 77, 96, 89, 58, 81, 58, 102, 57, 89, 16, 81, 3, 56, 106, 96, 89, 89, 25, 89]","[643.0, 70]",29
196,AAW_ARB_20070119.0021_1_LDC0008_00z2,aaAnaAspaaAlaBnaBdaMwaMteAspaaAlaBtaMyaAspayBkaMdaMtaAspfaMyaA,"[3, 76, 89, 3, 63, 77, 27, 102, 95, 89, 3, 63, 94, 105, 89, 16, 56, 27, 91, 89, 37, 105]","[934.0, 70]",22
197,AAW_ARB_20070119.0021_1_LDC0008_00z3,aaAlaBayMaaEsaMmaBteeEspaaAlaBtaMraMkeByaBteeEspaaAnaBkaMraMteAspspbroAspspnaBdaMwaMteA,"[3, 63, 18, 4, 83, 64, 96, 89, 3, 63, 94, 81, 58, 106, 96, 89, 3, 77, 56, 81, 95, 89, 89, 22, 89, 89, 77, 27, 102, 95]","[748.0, 70]",30
198,AAW_ARB_20070119.0021_1_LDC0008_00z4,keBraMkeBwaMkeAspn2An0An0An7AspspbrcAspspaaAlaBtaMyaAspaaAnaBtaMheMtaE,"[58, 81, 58, 102, 57, 89, 68, 66, 66, 73, 89, 89, 21, 89, 89, 3, 63, 94, 105, 89, 3, 77, 94, 48, 93]","[724.0, 70]",25
199,AAW_ARB_20070119.0021_2_LDC0701_00z1,waMkaMaaElaAspmaBjaBlaBseAspaaAlaBmaBhaMaaEfaMhaMteeEspaaAlaBdhMyaAspyaBtaMraMaeAseMheE,"[102, 56, 4, 62, 89, 64, 53, 63, 85, 89, 3, 63, 64, 45, 4, 37, 45, 96, 89, 3, 63, 31, 105, 89, 106, 94, 81, 5, 86, 47]","[991.0, 70]",30
200,AAW_ARB_20070119.0021_2_LDC0701_0z10,laBahEraMaaAdaMteAspaaAbaMnaBaaEalBheMaaEspfaMyaAspraMseMmaEspmaBseMtaMkaMbaMlaA,"[63, 8, 81, 3, 27, 95, 89, 3, 20, 77, 4, 10, 48, 4, 89, 37, 105, 89, 81, 86, 65, 89, 64, 86, 94, 56, 20, 62]","[702.0, 70]",28
201,AAW_ARB_20070119.0021_2_LDC0701_0z11,maBhaMaaEfaMhaMtaMheMmaEspspcomAspspmaBmaBaaEspyaBayMdaMsptaBdaMkhMlaBaaE,"[64, 45, 4, 37, 45, 94, 48, 65, 89, 89, 25, 89, 89, 64, 64, 4, 89, 106, 18, 27, 89, 92, 27, 61, 63, 4]","[550.0, 70]",26
202,AAW_ARB_20070119.0021_2_LDC0701_0z12,ghByaBraMspmaBbaMraMraMspfaMyaAspaaAlaBshMwlEwaMnaAspaaAlaBdaMaaAkhMlaByaBteeE,"[40, 106, 81, 89, 64, 20, 81, 81, 89, 37, 105, 89, 3, 63, 88, 104, 102, 76, 89, 3, 63, 27, 3, 61, 63, 106, 96]","[930.0, 70]",27
203,AAW_ARB_20070119.0021_2_LDC0701_0z13,laBlaBdaMwaMlaBteeEspaaAlaBayMraMaaAkaMyaBteeEspspspspspspcomAspsphaMseMbaE,"[63, 63, 27, 102, 63, 96, 89, 3, 63, 18, 81, 3, 56, 106, 96, 89, 89, 89, 89, 89, 89, 25, 89, 89, 45, 86, 19]","[740.0, 70]",27
204,AAW_ARB_20070119.0021_2_LDC0701_0z14,baMyaBaaEnaAspsaMdaMraMspaeAmaBseAspayBnaAspmaBjaBlaBseA,"[20, 106, 4, 76, 89, 83, 27, 81, 89, 5, 64, 85, 89, 16, 76, 89, 64, 53, 63, 85]","[831.0, 70]",20
205,AAW_ARB_20070119.0021_2_LDC0701_0z15,aaAlaBmaBhaMaaEfaMhaMteeEspspcomAspspwaMtaBseMlaBmaBtaEspspspspspaaAlaBshMraMkaA,"[3, 63, 64, 45, 4, 37, 45, 96, 89, 89, 25, 89, 89, 102, 92, 86, 63, 64, 93, 89, 89, 89, 89, 89, 3, 63, 88, 81, 55]","[1100.0, 70]",29
206,AAW_ARB_20070119.0021_2_LDC0701_0z16,aaAlaBaeEwaMseMtoBspspspspspnaBseMkhMteeEspmaBnaBheEspspdotAsp,"[3, 63, 6, 102, 86, 101, 89, 89, 89, 89, 89, 77, 86, 61, 96, 89, 64, 77, 47, 89, 89, 32, 89]","[740.0, 70]",23
207,AAW_ARB_20070118.0083_10_LDC0710_00z4,waMbaMayMdaMspdhMlaBkeEspspcomAspspaaAlaBeeEspahAkaMaaEmaBteeE,"[102, 20, 18, 27, 89, 31, 63, 59, 89, 89, 25, 89, 89, 3, 63, 34, 89, 7, 56, 4, 64, 96]","[598.0, 70]",22
208,AAW_ARB_20070118.0083_10_LDC0710_00z5,taBmaBthMaaElaAsplaBsaMdaMaaAmaEsphaMseMyaBnaAspaaAlaBeeEspjaBaaEnaBbaE,"[92, 64, 100, 4, 62, 89, 63, 83, 27, 3, 65, 89, 45, 86, 106, 76, 89, 3, 63, 34, 89, 53, 4, 77, 19]","[497.0, 70]",25
209,AAW_ARB_20070118.0083_10_LDC0710_00z6,taBmaBthMaaElaAspaaAlaBmaBjaBaaEheMdaMspaaAlaBkeBbaMyaBraMspayBmaBraMspaaAlaBmaBkhMtaMaaEraMspspcomAsp,"[92, 64, 100, 4, 62, 89, 3, 63, 64, 53, 4, 48, 27, 89, 3, 63, 58, 20, 106, 81, 89, 16, 64, 81, 89, 3, 63, 64, 61, 94, 4, 81, 89, 89, 25, 89]","[586.0, 70]",36
210,AAW_ARB_20070118.0083_10_LDC0710_00z7,aeAmaBaaEspaeAnaAspyaBsaMaaEbaEspaaAlaBshMaaEraMayAspaaAlaBayMraMbaMyaA,"[5, 64, 4, 89, 5, 76, 89, 106, 83, 4, 19, 89, 3, 63, 88, 4, 81, 15, 89, 3, 63, 18, 81, 20, 105]","[481.0, 70]",25
211,AAW_ARB_20070118.0083_10_LDC0710_00z8,baMfaMkaMdaMaaAnaAspaaAlaBdhMaaAkeBraMteAspspcomAspspwaMaeAnaAspyaBayMlaBnaA,"[20, 37, 56, 27, 3, 76, 89, 3, 63, 31, 3, 58, 81, 95, 89, 89, 25, 89, 89, 102, 5, 76, 89, 106, 18, 63, 76]","[561.0, 70]",27
212,AAW_ARB_20070118.0083_10_LDC0710_00z9,aeAnaBheEspaeAsaMyaBbaEspbaMspspspspspaaAlaByaBtaMmaEspspspsp,"[5, 77, 47, 89, 5, 83, 106, 19, 89, 20, 89, 89, 89, 89, 89, 3, 63, 106, 94, 65, 89, 89, 89, 89]","[341.0, 70]",24
213,AAW_ARB_20070119.0028_8_LDC0710_00z1,waMraMfaMdeAspwaMlaBshAspaaAlaBaaEfaMsaMaaEhaAspayBnaAsptaBfaMaaEsaMyaBlaAspaaAlaBlaBkaMaaEhhA,"[102, 81, 37, 29, 89, 102, 63, 87, 89, 3, 63, 4, 37, 83, 4, 43, 89, 16, 76, 89, 92, 37, 4, 83, 106, 62, 89, 3, 63, 63, 56, 4, 49]","[697.0, 70]",33
214,AAW_ARB_20070119.0028_8_LDC0710_0z10,yaBkaMwaMlaAspaaAnaAspayBlaBeeEspaaAlaBdaMwaMlaAspayBdaMmaEspaaAlaBtaMdaMkhMlaA,"[106, 56, 102, 62, 89, 3, 76, 89, 16, 63, 34, 89, 3, 63, 27, 102, 62, 89, 16, 27, 65, 89, 3, 63, 94, 27, 61, 62]","[580.0, 70]",28
215,AAW_ARB_20070120.0015_7_LDC0057_00z1,ghByaBraMspaeAnaBheMaaEsptaBdeByaBfaEspspspspsplaBaaE,"[40, 106, 81, 89, 5, 77, 48, 4, 89, 92, 30, 106, 36, 89, 89, 89, 89, 89, 63, 4]","[254.0, 70]",20
216,AAW_ARB_20070120.0015_7_LDC0057_0z10,n2An0AspyaBnaBaaEyaBraMspn2An0An0An7AspaaAlaBayMdaMdaMspn1An0An2An8An0A,"[68, 66, 89, 106, 77, 4, 106, 81, 89, 68, 66, 66, 73, 89, 3, 63, 18, 27, 27, 89, 67, 66, 68, 74, 66]","[440.0, 70]",25
217,AAW_ARB_20070120.0015_7_LDC0057_0z11,waMtaBraMeeAspbaMaaEraMyaBseAspaeAnaA,"[102, 92, 81, 33, 89, 20, 4, 81, 106, 85, 89, 5, 76]","[510.0, 70]",13
218,AAW_ARB_20070120.0015_7_LDC0057_0z12,spspspspaaAlaBayMlaBaaEkaMteeEspaaAlaBkhMaaEsaMteeEspspspspspaaAlaBkaMaaEalBmaBteeE,"[89, 89, 89, 89, 3, 63, 18, 63, 4, 56, 96, 89, 3, 63, 61, 4, 83, 96, 89, 89, 89, 89, 89, 3, 63, 56, 4, 10, 64, 96]","[496.0, 70]",30
219,AAW_ARB_20070120.0015_7_LDC0057_0z13,baMyaBnaAspahAyaBraMaaAnaAspwaMhaMzaEbaEspaaAlaBlaBheEsptaBkhMwaMlaBheMaaE,"[20, 106, 76, 89, 7, 106, 81, 3, 76, 89, 102, 45, 108, 19, 89, 3, 63, 63, 47, 89, 92, 61, 102, 63, 48, 4]","[549.0, 70]",26
220,AAW_ARB_20070120.0015_7_LDC0057_0z14,aeAnaAsptaBkaMnaBayEsphaMzaEbaEspaaAlaBlaBheE,"[5, 76, 89, 92, 56, 77, 17, 89, 45, 108, 19, 89, 3, 63, 63, 47]","[291.0, 70]",16
221,AAW_ARB_20070120.0015_7_LDC0057_0z15,spspspspbaMtaMfaMaaEdaMyaAspaaAlaBtaMsaMayMyaBdaMspjaBnaBwaMbaMaaEspwaMtaBfaMaaEdaMyaA,"[89, 89, 89, 89, 20, 94, 37, 4, 27, 105, 89, 3, 63, 94, 83, 18, 106, 27, 89, 53, 77, 102, 20, 4, 89, 102, 92, 37, 4, 27, 105]","[563.0, 70]",31
222,AAW_ARB_20070120.0015_7_LDC0057_0z16,daMfaMayEspaaAlaBwaMdeBayEspaaAlaBseMyaBaaEseMyaAspaaAlaBdaMaaAkhMlaByaAspfaMyaA,"[27, 37, 17, 89, 3, 63, 102, 30, 17, 89, 3, 63, 86, 106, 4, 86, 105, 89, 3, 63, 27, 3, 61, 63, 105, 89, 37, 105]","[507.0, 70]",28
223,AAW_ARB_20070120.0015_7_LDC0057_0z17,laBbaMnaBaaEnaAspaaAlaBeeEspmaBzaEyaBdaMspmaBnaAspaaAlaBtaMaeEzaAmaEspspspspspspdotAsp,"[63, 20, 77, 4, 76, 89, 3, 63, 34, 89, 64, 108, 106, 27, 89, 64, 76, 89, 3, 63, 94, 6, 107, 65, 89, 89, 89, 89, 89, 89, 32, 89]","[389.0, 70]",32
224,AAW_ARB_20070120.0015_7_LDC0057_00z2,yaBjaBwaMzaAspbaMaeEyaAsphaMaaElaAspahAfaMraMaaAghAspaaAlaBmaBhaMkeBmaBteeEspmaBnaA,"[106, 53, 102, 107, 89, 20, 6, 105, 89, 45, 4, 62, 89, 7, 37, 81, 3, 39, 89, 3, 63, 64, 45, 58, 64, 96, 89, 64, 76]","[363.0, 70]",29
225,AAW_ARB_20070120.0015_7_LDC0057_00z3,maBdeBmaBwaMnaBheMaaEspwaMlaBaaEspaeAnaAsptaBtaMhaMwaMlaAspaaAlaBeeE,"[64, 30, 64, 102, 77, 48, 4, 89, 102, 63, 4, 89, 5, 76, 89, 92, 94, 45, 102, 62, 89, 3, 63, 34]","[446.0, 70]",24
226,AAW_ARB_20070120.0015_7_LDC0057_00z4,maBhaMkeBmaBteeEspsaMwaMraMyaBteeEsplaBaeEnaAspfaMyaAspdhMlaBkeE,"[64, 45, 58, 64, 96, 89, 83, 102, 81, 106, 96, 89, 63, 6, 76, 89, 37, 105, 89, 31, 63, 59]","[497.0, 70]",22
227,AAW_ARB_20070120.0015_7_LDC0057_00z5,aaAnaBtaMkaMaaEsaMaaEspmaBnaAspmaBjaBlaBseAspaaAlaBaeEmaBnaAspwaMaaAnaBtaMkaMaaEsaMaaE,"[3, 77, 94, 56, 4, 83, 4, 89, 64, 76, 89, 64, 53, 63, 85, 89, 3, 63, 6, 64, 76, 89, 102, 3, 77, 94, 56, 4, 83, 4]","[659.0, 70]",30
228,AAW_ARB_20070120.0015_7_LDC0057_00z6,maBnaAspdaMwaMraMheAspwaMayBmaBlaBheEspfaMyaAspmaBaaE,"[64, 76, 89, 27, 102, 81, 46, 89, 102, 16, 64, 63, 47, 89, 37, 105, 89, 64, 4]","[420.0, 70]",19
229,AAW_ARB_20070120.0015_7_LDC0057_00z7,khMsaAspaaAlaBaeEzaAmaBteeEspaaAlaBlaBbaMnaBaaEnaByaBteeEspspspspspspdotAsp,"[61, 82, 89, 3, 63, 6, 107, 64, 96, 89, 3, 63, 63, 20, 77, 4, 77, 106, 96, 89, 89, 89, 89, 89, 89, 32, 89]","[372.0, 70]",27
230,AAW_ARB_20070120.0015_7_LDC0057_00z8,baMaaEraMyaBseAspspcolAspspmaByaBshMaaElaAspaeAbaMwaMspnaBjaBmaE,"[20, 4, 81, 106, 85, 89, 89, 24, 89, 89, 64, 106, 88, 4, 62, 89, 5, 20, 102, 89, 77, 53, 65]","[395.0, 70]",23
231,AAW_ARB_20070120.0015_7_LDC0057_00z9,aaAlaBseMbaMtaEspn0An2AspmaBhaMraMmaEspn1An4An2An8AspheM,"[3, 63, 86, 20, 93, 89, 66, 68, 89, 64, 45, 81, 65, 89, 67, 70, 68, 74, 89, 48]","[561.0, 70]",20
232,AAW_ARB_20070120.0122_4_LDC0057_00z1,yaBdhMkeBraMspaeAnaAspdaMwaMraMspaaAlaBseMyaBnaBmaBaaEspbaMdaMaeAtaA,"[106, 31, 58, 81, 89, 5, 76, 89, 27, 102, 81, 89, 3, 63, 86, 106, 77, 64, 4, 89, 20, 27, 5, 91]","[356.0, 70]",24
233,AAW_ARB_20070120.0122_4_LDC0057_0z10,aaAlaBayMraMdeAspayBlaBeeEsptaBdaMayByaBmaBheMaaEspspdotAsp,"[3, 63, 18, 81, 29, 89, 16, 63, 34, 89, 92, 27, 16, 106, 64, 48, 4, 89, 89, 32, 89]","[315.0, 70]",21
234,AAW_ARB_20070120.0122_4_LDC0057_0z11,waMaeAdeBaaEfaEspraMmaBzaEyaAspspcolAspspaeAnaAspdaMwaMraM,"[102, 5, 30, 4, 36, 89, 81, 64, 108, 105, 89, 89, 24, 89, 89, 5, 76, 89, 27, 102, 81]","[336.0, 70]",21
235,AAW_ARB_20070120.0122_4_LDC0057_0z12,aaAlaBayMraMdeAspaaAlaBseMyaBnaBmaBaaEalByaAspfaMyaAspmaBsaMraMspayBlaBeeE,"[3, 63, 18, 81, 29, 89, 3, 63, 86, 106, 77, 64, 4, 10, 105, 89, 37, 105, 89, 64, 83, 81, 89, 16, 63, 34]","[495.0, 70]",26
236,AAW_ARB_20070120.0122_4_LDC0057_0z13,maBdaMaaAraMsptaBaaEraMyaBkhMheMaaEspspcomAspspmaBkeBaaEnaAspmaBhaMtaMraMmaE,"[64, 27, 3, 81, 89, 92, 4, 81, 106, 61, 48, 4, 89, 89, 25, 89, 89, 64, 58, 4, 76, 89, 64, 45, 94, 81, 65]","[423.0, 70]",27
237,AAW_ARB_20070120.0122_4_LDC0057_0z14,jaBdaMaaAspwaMlaBmaEsptaBhaMdaMthAspfaMyaBheMaaEspkaMdeByaBteeE,"[53, 27, 3, 89, 102, 63, 65, 89, 92, 45, 27, 97, 89, 37, 106, 48, 4, 89, 56, 30, 106, 96]","[455.0, 70]",22
238,AAW_ARB_20070120.0122_4_LDC0057_0z15,amAdaMaaAbaEspwaMaaAhaMdaMteAspspcomAspspwaMbaMdaMlaBaaEspmaBnaA,"[13, 27, 3, 19, 89, 102, 3, 45, 27, 95, 89, 89, 25, 89, 89, 102, 20, 27, 63, 4, 89, 64, 76]","[481.0, 70]",23
239,AAW_ARB_20070120.0122_4_LDC0057_0z16,aaAlaBtaMfaMkeByaBraMspfaMyaAspahAyaBjaBaaEdaMspdaMayBmaEsplaBheMdhMheA,"[3, 63, 94, 37, 58, 106, 81, 89, 37, 105, 89, 7, 106, 53, 4, 27, 89, 27, 16, 65, 89, 63, 48, 31, 46]","[482.0, 70]",25
240,AAW_ARB_20070120.0122_4_LDC0057_0z17,aaAlaBsaMnaBaaEayBteeEspspcomAspspheMnaBaaEkeAspmaBnaAspyaBfaMkeBraM,"[3, 63, 83, 77, 4, 16, 96, 89, 89, 25, 89, 89, 48, 77, 4, 57, 89, 64, 76, 89, 106, 37, 58, 81]","[493.0, 70]",24
241,AAW_ARB_20070120.0122_4_LDC0057_0z18,faMyaAspheMdaMmaBheMaaEspwaMaaAlaBkaMdeBaaEhhAspayBlaByaBheMaaEspspdotAsp,"[37, 105, 89, 48, 27, 64, 48, 4, 89, 102, 3, 63, 56, 30, 4, 49, 89, 16, 63, 106, 48, 4, 89, 89, 32, 89]","[443.0, 70]",26
242,AAW_ARB_20070120.0122_4_LDC0057_00z2,faMyaAsptaBkaMdaMyaBmaEsphaMfaMlaBaaEtaAspbaMayMdaMspmaBnaBtaMsaMfaEspaaAlaBlaByaBlaA,"[37, 105, 89, 92, 56, 27, 106, 65, 89, 45, 37, 63, 4, 91, 89, 20, 18, 27, 89, 64, 77, 94, 83, 36, 89, 3, 63, 63, 106, 62]","[594.0, 70]",30
243,AAW_ARB_20070120.0122_4_LDC0057_00z3,baMaaElaBtaMzaEaaAmaBnaAspmaBayEsphaMheMwaMraMspaaAlaBmaBwaMjaBteeEspaaAlaBshMbaMaaEbaMyaBteeEsplaBlaBseMyaBnaBmaBaaE,"[20, 4, 63, 94, 108, 3, 64, 76, 89, 64, 17, 89, 45, 48, 102, 81, 89, 3, 63, 64, 102, 53, 96, 89, 3, 63, 88, 20, 4, 20, 106, 96, 89, 63, 63, 86, 106, 77, 64, 4]","[677.0, 70]",40
244,AAW_ARB_20070120.0122_4_LDC0057_00z4,aaAlaBmaBsaMraMyaBteeEspspcomAspspwaMaaAlaBtaMyaAspaeAtoBlaBkaAspayBlaByaBheMaaE,"[3, 63, 64, 83, 81, 106, 96, 89, 89, 25, 89, 89, 102, 3, 63, 94, 105, 89, 5, 101, 63, 55, 89, 16, 63, 106, 48, 4]","[403.0, 70]",28
245,AAW_ARB_20070120.0122_4_LDC0057_00z5,aaAlaBmaBwaMjaBteeEspaaAlaBkeBwaMmaByaBdaMyaBteeEspspcomAspspaaAlaBtaMyaAspkaMaaEdaMheMaaE,"[3, 63, 64, 102, 53, 96, 89, 3, 63, 58, 102, 64, 106, 27, 106, 96, 89, 89, 25, 89, 89, 3, 63, 94, 105, 89, 56, 4, 27, 48, 4]","[511.0, 70]",31
246,AAW_ARB_20070120.0122_4_LDC0057_00z6,aaAlaBfaMnaBaaEnaAspmaBhaMmaBdaMspheMnaByaBdaMyaAspspcomAspspwaMayBnaBdaMmaBaaE,"[3, 63, 37, 77, 4, 76, 89, 64, 45, 64, 27, 89, 48, 77, 106, 27, 105, 89, 89, 25, 89, 89, 102, 16, 77, 27, 64, 4]","[502.0, 70]",28
247,AAW_ARB_20070120.0122_4_LDC0057_00z7,haMkaMkaMtaEspahAyaBraMaaAdaMaaAtaAspayBaaElaByaBteeEspkhMaaEsaMteeEspfaMyaA,"[45, 56, 56, 93, 89, 7, 106, 81, 3, 27, 3, 91, 89, 16, 4, 63, 106, 96, 89, 61, 4, 83, 96, 89, 37, 105]","[621.0, 70]",26
248,AAW_ARB_20070120.0122_4_LDC0057_00z8,saMaaElaBaaEtaAspaaAlaBayMraMdeAspbaMaaElaBmaBraMaaAkeBzaEspaaAlaBtaMjaBaaEraMyaBteeEspaaAlaBkeBbaMyaBraMteAspspcomAsp,"[83, 4, 63, 4, 91, 89, 3, 63, 18, 81, 29, 89, 20, 4, 63, 64, 81, 3, 58, 108, 89, 3, 63, 94, 53, 4, 81, 106, 96, 89, 3, 63, 58, 20, 106, 81, 95, 89, 89, 25, 89]","[639.0, 70]",41
249,AAW_ARB_20070120.0122_4_LDC0057_00z9,haMraMsaAspmaBwaMzaAayBwaMspaaAlaBseMyaBnaBmaBaaEspwaMaeAsaMhaMaaEbaEspdaMwaMraM,"[45, 81, 82, 89, 64, 102, 107, 16, 102, 89, 3, 63, 86, 106, 77, 64, 4, 89, 102, 5, 83, 45, 4, 19, 89, 27, 102, 81]","[558.0, 70]",28
250,AAW_ARB_20070120.0122_9_LDC0057_00z1,waMkeBaaEnaAspbaMraMlaBmaBaaEnaByaBwaMnaAspmaBsaMraMyaBwaMnaAspkaMdaMsptoBaaElaBbaMwaMaaAspfaMyaA,"[102, 58, 4, 76, 89, 20, 81, 63, 64, 4, 77, 106, 102, 76, 89, 64, 83, 81, 106, 102, 76, 89, 56, 27, 89, 101, 4, 63, 20, 102, 3, 89, 37, 105]","[593.0, 70]",34
251,AAW_ARB_20070120.0122_9_LDC0057_00z2,maBjaBlaBseAspaaAlaBshMayMbaEspkaMbaMlaAspayBdaMteAspseMnaBwaMaaAtaAspspcomAsp,"[64, 53, 63, 85, 89, 3, 63, 88, 18, 19, 89, 56, 20, 62, 89, 16, 27, 95, 89, 86, 77, 102, 3, 91, 89, 89, 25, 89]","[727.0, 70]",28
252,AAW_ARB_20070120.0122_9_LDC0057_00z3,baMahElaBghMaaEhhAsphaMfaMlaBaaEtaAspmaBnaBtaMsaMfaEspaaAlaBlaByaBlaAsplaBnaBfaMseA,"[20, 8, 63, 42, 4, 49, 89, 45, 37, 63, 4, 91, 89, 64, 77, 94, 83, 36, 89, 3, 63, 63, 106, 62, 89, 63, 77, 37, 85]","[615.0, 70]",29
253,AAW_ARB_20070120.0122_9_LDC0057_00z4,aaAlaBaeEseMbaMaaEbaEspaaAlaBtaMyaAsptaBdaMayBwaMspahAlaByaBheMaaEspaaAlaBjaBheMteeE,"[3, 63, 6, 86, 20, 4, 19, 89, 3, 63, 94, 105, 89, 92, 27, 16, 102, 89, 7, 63, 106, 48, 4, 89, 3, 63, 53, 48, 96]","[482.0, 70]",29
254,AAW_ARB_20070121.0143_1_LDC0057_0z10,aaAlaBeeEspaaAlaBaaEyaBseMyaBseMkeBwaMspbaMsaMfaMteeEspayBdeBwaMspmaBraMaaAkaMbaEspspcomAsp,"[3, 63, 34, 89, 3, 63, 4, 106, 86, 106, 86, 58, 102, 89, 20, 83, 37, 96, 89, 16, 30, 102, 89, 64, 81, 3, 56, 19, 89, 89, 25, 89]","[640.0, 70]",32
255,AAW_ARB_20070121.0143_1_LDC0057_0z11,baMaaEayBtaMbaMaaEraMheMaaEspayBdeBwaMaaAspmaBraMaaAkaMbaMaaEspfaMyaAspmaBnaBhaMmaBteeE,"[20, 4, 16, 94, 20, 4, 81, 48, 4, 89, 16, 30, 102, 3, 89, 64, 81, 3, 56, 20, 4, 89, 37, 105, 89, 64, 77, 45, 64, 96]","[691.0, 70]",30
256,AAW_ARB_20070121.0143_1_LDC0057_0z12,aaAlaBmaBwlEtaBmaBraMspaaAlaBahEseMlaBaaEmaByaAspspdotAsp,"[3, 63, 64, 104, 92, 64, 81, 89, 3, 63, 8, 86, 63, 4, 64, 105, 89, 89, 32, 89]","[399.0, 70]",20
257,AAW_ARB_20070121.0143_1_LDC0057_0z13,supAspamAlaAspghBwaMraMspspcomAspspnaBaaEalBbaE,"[90, 89, 13, 62, 89, 40, 102, 81, 89, 89, 25, 89, 89, 77, 4, 10, 19]","[466.0, 70]",17
258,AAW_ARB_20070121.0143_1_LDC0057_0z14,aaAlaBraMalByaBseAspaaAlaBaeEmaByaBraMkeByaAspaaAlaBseMaaEbaMkaAspspcomAspspyaBkaMdaMmaEspfaMyaA,"[3, 63, 81, 10, 106, 85, 89, 3, 63, 6, 64, 106, 81, 58, 105, 89, 3, 63, 86, 4, 20, 55, 89, 89, 25, 89, 89, 106, 56, 27, 65, 89, 37, 105]","[669.0, 70]",34
259,AAW_ARB_20070121.0143_1_LDC0057_0z15,haMfaMlaAspkhMaaEsaAspjaBaaEalBzaEteAsplaBlaBaeEmaByaBraMsptaBshMaaEraMlaBzaEspwaMlaByaA,"[45, 37, 62, 89, 61, 4, 82, 89, 53, 4, 10, 108, 95, 89, 63, 63, 6, 64, 106, 81, 89, 92, 88, 4, 81, 63, 108, 89, 102, 63, 105]","[775.0, 70]",31
260,AAW_ARB_20070121.0143_1_LDC0057_0z16,ayBheMdaMspbaMraMyaBtoBaaEnaByaBaaEspspcomAspspwaMdhMlaBkeEspayBlaBeeEspjaBheMwaMdaMheA,"[16, 48, 27, 89, 20, 81, 106, 101, 4, 77, 106, 4, 89, 89, 25, 89, 89, 102, 31, 63, 59, 89, 16, 63, 34, 89, 53, 48, 102, 27, 46]","[689.0, 70]",31
261,AAW_ARB_20070121.0143_1_LDC0057_0z17,faMyaAspkhMdaMmaBteeEspkaMdeBaaEyaBaaEspaaAlaBbaMyaBalMteeEspspdotAsp,"[37, 105, 89, 61, 27, 64, 96, 89, 56, 30, 4, 106, 4, 89, 3, 63, 20, 106, 12, 96, 89, 89, 32, 89]","[441.0, 70]",24
262,AAW_ARB_20070121.0143_1_LDC0057_00z2,ayBthMmaBaaEnaAspaaAlaBtaMwaMyaBjaBraMyaAspspcomAspspaaAlaBmaBdaMyaBraMspaaAlaBayMaaEmaE,"[16, 100, 64, 4, 76, 89, 3, 63, 94, 102, 106, 53, 81, 105, 89, 89, 25, 89, 89, 3, 63, 64, 27, 106, 81, 89, 3, 63, 18, 4, 65]","[602.0, 70]",31
263,AAW_ARB_20070121.0143_2_LDC0057_00z2,aaAlaBeeEspaaAlaBwaMlaBaaEyaBaaEtaAspaaAlaBmaBtaMhaMdaMteAspkaMraMyaBnaBtaMheEspkeBaaEmaByaBlaBaaEspbaMaaEraMkeBraMspspcomAsp,"[3, 63, 34, 89, 3, 63, 102, 63, 4, 106, 4, 91, 89, 3, 63, 64, 94, 45, 27, 95, 89, 56, 81, 106, 77, 94, 47, 89, 58, 4, 64, 106, 63, 4, 89, 20, 4, 81, 58, 81, 89, 89, 25, 89]","[460.0, 70]",44
264,AAW_ARB_20070121.0143_2_LDC0057_00z3,daMwaMkaMteeEspkeBwaMraMnaBwaMyaBlaAspsupAspaaAlaBdaMkeBtaMwaMraMspayBbaMdaM,"[27, 102, 56, 96, 89, 58, 102, 81, 77, 102, 106, 62, 89, 90, 89, 3, 63, 27, 58, 94, 102, 81, 89, 16, 20, 27]","[488.0, 70]",26
265,AAW_ARB_20070121.0143_2_LDC0057_00z4,aaAlaBlaBtoByaBfaEspraMshMyaBdaMspspcomAspspwaMzaAyaBraMspaaAlaBraMyaA,"[3, 63, 63, 101, 106, 36, 89, 81, 88, 106, 27, 89, 89, 25, 89, 89, 102, 107, 106, 81, 89, 3, 63, 81, 105]","[440.0, 70]",25
266,AAW_ARB_20070121.0143_2_LDC0057_00z5,aaAlaBayMraMaaAkaMyaAspspcomAspspaaAlaBtaMkaMeeEspfaMyaAspseMwaMraMyaBteeE,"[3, 63, 18, 81, 3, 56, 105, 89, 89, 25, 89, 89, 3, 63, 94, 56, 34, 89, 37, 105, 89, 86, 102, 81, 106, 96]","[476.0, 70]",26
267,AAW_ARB_20070121.0143_2_LDC0057_00z6,aeAkhMyaBraMaaAspaaAlaBdaMkeBtaMwaMraMspnaBaaEdaMraMspaaAlaBbaMnaByaAspspcomAsp,"[5, 61, 106, 81, 3, 89, 3, 63, 27, 58, 94, 102, 81, 89, 77, 4, 27, 81, 89, 3, 63, 20, 77, 105, 89, 89, 25, 89]","[426.0, 70]",28
268,AAW_ARB_20070121.0143_2_LDC0057_00z7,waMzaAyaBraMspaaAlaBraMyaAspaaAlaBseMwaMraMyaAspspcomAspspwaMtaBbaMaaEhaMthMaaE,"[102, 107, 106, 81, 89, 3, 63, 81, 105, 89, 3, 63, 86, 102, 81, 105, 89, 89, 25, 89, 89, 102, 92, 20, 4, 45, 100, 4]","[454.0, 70]",28
269,AAW_ARB_20070121.0143_2_LDC0057_00z8,haMwaMlaAsptaBtoBwaMyaBraMspaaAlaBtaMayMaaEwaMnaAspbaMyaBnaAspaaAlaBbaMlaBdaMyaBnaA,"[45, 102, 62, 89, 92, 101, 102, 106, 81, 89, 3, 63, 94, 18, 4, 102, 76, 89, 20, 106, 76, 89, 3, 63, 20, 63, 27, 106, 76]","[613.0, 70]",29
270,AAW_ARB_20070121.0143_2_LDC0057_00z9,laBlaBaaEseMtaMfaMaaEdaMteAspmaBnaAspaaAlaBmaBwaMaaAraMdaMspaaAlaBmaBaaEalByaBteeEspwaMtaBfaMayMyaBlaA,"[63, 63, 4, 86, 94, 37, 4, 27, 95, 89, 64, 76, 89, 3, 63, 64, 102, 3, 81, 27, 89, 3, 63, 64, 4, 10, 106, 96, 89, 102, 92, 37, 18, 106, 62]","[526.0, 70]",35
271,AAW_ARB_20070122.0048_2_LDC0057_00z1,ahAlaBeeEspdhMlaBkeEspaeAayBraMbaEspmaBfaMtaMyaAspsaMwaMraMspwaMjaBbaMlaA,"[7, 63, 34, 89, 31, 63, 59, 89, 5, 16, 81, 19, 89, 64, 37, 94, 105, 89, 83, 102, 81, 89, 102, 53, 20, 62]","[494.0, 70]",26
272,AAW_ARB_20070122.0048_2_LDC0057_0z10,waMbaMayMdaMspaaAdaMraMaaAkeBheMmaEsplaBmaBaaEspyaBmaBkeBnaAspaaAnaA,"[102, 20, 18, 27, 89, 3, 27, 81, 3, 58, 48, 65, 89, 63, 64, 4, 89, 106, 64, 58, 76, 89, 3, 76]","[358.0, 70]",24
273,AAW_ARB_20070122.0048_2_LDC0057_0z11,yaBtaMraMtaBbaEspayBlaByaBheMaaEspmaBnaAspaaAkhMtoBaaEraMspkeBbaMraMeeA,"[106, 94, 81, 92, 19, 89, 16, 63, 106, 48, 4, 89, 64, 76, 89, 3, 61, 101, 4, 81, 89, 58, 20, 81, 33]","[568.0, 70]",25
274,AAW_ARB_20070122.0048_2_LDC0057_0z12,faMyaAsphaMaaElaAspaaAseMtaMmaBraMaaAraMheMaaEspspspspspspdotAsp,"[37, 105, 89, 45, 4, 62, 89, 3, 86, 94, 64, 81, 3, 81, 48, 4, 89, 89, 89, 89, 89, 89, 32, 89]","[420.0, 70]",24
275,AAW_ARB_20070122.0048_2_LDC0057_0z13,faMyaBmaBaaEspdaMayBaaEspnaBaaEalBbaEspraMalByaBseAspaaAlaBmaBjaBlaBseA,"[37, 106, 64, 4, 89, 27, 16, 4, 89, 77, 4, 10, 19, 89, 81, 10, 106, 85, 89, 3, 63, 64, 53, 63, 85]","[614.0, 70]",25
276,AAW_ARB_20070122.0048_2_LDC0057_0z14,aaAlaBahEseMlaBaaEmaByaAspaaAlaBshMyaBayMyaAspaaAlaBaeEayBlaBeeEspaaAlaBshMyaBkhEspayBbaMdaM,"[3, 63, 8, 86, 63, 4, 64, 105, 89, 3, 63, 88, 106, 18, 105, 89, 3, 63, 6, 16, 63, 34, 89, 3, 63, 88, 106, 60, 89, 16, 20, 27]","[741.0, 70]",32
277,AAW_ARB_20070122.0048_2_LDC0057_00z2,ayBaaEmaBlaAspaaAlaBshMyaBkhEspayBlaByaAspaaAlaBaaEmaByaBnaAspayBnaA,"[16, 4, 64, 62, 89, 3, 63, 88, 106, 60, 89, 16, 63, 105, 89, 3, 63, 4, 64, 106, 76, 89, 16, 76]","[457.0, 70]",24
278,AAW_ARB_20070122.0048_2_LDC0057_00z3,daMheMshMtaMheEspwaMaaAseMtaMghMraMaaAbaMheEspmaBnaAspspspspspaaAlaBayMwaMdaMteA,"[27, 48, 88, 94, 47, 89, 102, 3, 86, 94, 42, 81, 3, 20, 47, 89, 64, 76, 89, 89, 89, 89, 89, 3, 63, 18, 102, 27, 95]","[722.0, 70]",29
279,AAW_ARB_20070122.0048_2_LDC0057_00z4,aaAlaBeeEsplaBghMteeEspaaAlaBtaMsaMayMyaBdaMspwaMaaAlaBtaMheMdaMyaBdaMspmaBjaBdaMdaMaaA,"[3, 63, 34, 89, 63, 42, 96, 89, 3, 63, 94, 83, 18, 106, 27, 89, 102, 3, 63, 94, 48, 27, 106, 27, 89, 64, 53, 27, 27, 3]","[680.0, 70]",30
280,AAW_ARB_20070122.0048_2_LDC0057_00z5,baMaaElaBaaEdeBraMaaAbaMaaEtaAspwaMaaAlaBkhMraMwaMjaAspaaAlaBeeEspaaAlaBshMwaMaaAraMayAsplaBaaEseMyaBmaBaaE,"[20, 4, 63, 4, 30, 81, 3, 20, 4, 91, 89, 102, 3, 63, 61, 81, 102, 52, 89, 3, 63, 34, 89, 3, 63, 88, 102, 3, 81, 15, 89, 63, 4, 86, 106, 64, 4]","[696.0, 70]",37
281,AAW_ARB_20070122.0048_2_LDC0057_00z6,baMayMdaMspmaBayMraMfaMteeEspaaAlaBjaBmaByaBayEspbaMayMdaMmaEspaaAlaBjaBdaMwaMeeA,"[20, 18, 27, 89, 64, 18, 81, 37, 96, 89, 3, 63, 53, 64, 106, 17, 89, 20, 18, 27, 65, 89, 3, 63, 53, 27, 102, 33]","[485.0, 70]",28
282,AAW_ARB_20070122.0048_2_LDC0057_00z7,aaAlaBseMyaBaaEseMyaBteeEspmaBnaAsptaBlaBkeEspaaAlaBtaMhaMraMkeBaaEtaAspspcomAsp,"[3, 63, 86, 106, 4, 86, 106, 96, 89, 64, 76, 89, 92, 63, 59, 89, 3, 63, 94, 45, 81, 58, 4, 91, 89, 89, 25, 89]","[653.0, 70]",28
283,AAW_ARB_20070122.0048_2_LDC0057_00z8,waMmaBdaMeeAspaaAlaBaaEdeBraMaaAraMspaaAlaBaaEkaMtaMsaMaaEdaMyaBteeEspaaAlaBtaMyaAspaaAlaBhaMkaMtaMheMaaE,"[102, 64, 27, 33, 89, 3, 63, 4, 30, 81, 3, 81, 89, 3, 63, 4, 56, 94, 83, 4, 27, 106, 96, 89, 3, 63, 94, 105, 89, 3, 63, 45, 56, 94, 48, 4]","[651.0, 70]",36
284,AAW_ARB_20070122.0048_2_LDC0057_00z9,baMaaEkaMtaMsaMaaEdaMspaaAlaBbaMlaBdaMspwaMmaBsaMaaElaBhaEspaaAlaBnaBaaEseAspspcomAsp,"[20, 4, 56, 94, 83, 4, 27, 89, 3, 63, 20, 63, 27, 89, 102, 64, 83, 4, 63, 44, 89, 3, 63, 77, 4, 85, 89, 89, 25, 89]","[576.0, 70]",30
285,AAW_ARB_20070130.0045_1_LDC0078_0z10,baMyaBraMwaMtaAspspspspspspaaAlaBshMraMkaAspaaAlaBaeEwaMseMtoBspspspspspspcolAsp,"[20, 106, 81, 102, 91, 89, 89, 89, 89, 89, 89, 3, 63, 88, 81, 55, 89, 3, 63, 6, 102, 86, 101, 89, 89, 89, 89, 89, 89, 24, 89]","[785.0, 70]",31
286,AAW_ARB_20070130.0045_1_LDC0078_0z11,aeAayBlaBnaAspaaAlaBaaEtaBhaMaaEdaMspaaAlaBkeBaaEthBwaMlaByaBkeByaAspaaAlaBayMaaElaBmaByaAsplaBlaBsaMhaMaaEfaMteeEspfaMyaBheMaaE,"[5, 16, 63, 76, 89, 3, 63, 4, 92, 45, 4, 27, 89, 3, 63, 58, 4, 98, 102, 63, 106, 58, 105, 89, 3, 63, 18, 4, 63, 64, 105, 89, 63, 63, 83, 45, 4, 37, 96, 89, 37, 106, 48, 4]","[771.0, 70]",44
287,AAW_ARB_20070130.0045_1_LDC0078_0z12,laBbaMnaBaaEnaAspayBnaAsptaBayMraMdeAspmaBwaMkaMayMheEspaaAlaBaaElaBkeBtaMraMwaMnaByaAsplaBayMmaBlaByaBteeE,"[63, 20, 77, 4, 76, 89, 16, 76, 89, 92, 18, 81, 29, 89, 64, 102, 56, 18, 47, 89, 3, 63, 4, 63, 58, 94, 81, 102, 77, 105, 89, 63, 18, 64, 63, 106, 96]","[1076.0, 70]",37
288,AAW_ARB_20070130.0045_1_LDC0078_0z13,kaMraMsaMnaBteeEspaeAdaMtaAspaaAlaBeeEsptaBayMtoByaBlaBheEspspdotAsp,"[56, 81, 83, 77, 96, 89, 5, 27, 91, 89, 3, 63, 34, 89, 92, 18, 101, 106, 63, 47, 89, 89, 32, 89]","[627.0, 70]",24
289,AAW_ARB_20070130.0045_1_LDC0078_0z14,kaMraMsaMnaBteeEsptaBayMtoBlaAspaaAlaBmaBwaMkaMayEspaaAlaBahElaBkeBtaMraMwaMnaByaAsplaBlaBaaEtaBhaMaaEdaMspaaAlaBkeBaaEthBwaMlaByaBkeByaA,"[56, 81, 83, 77, 96, 89, 92, 18, 101, 62, 89, 3, 63, 64, 102, 56, 17, 89, 3, 63, 8, 63, 58, 94, 81, 102, 77, 105, 89, 63, 63, 4, 92, 45, 4, 27, 89, 3, 63, 58, 4, 98, 102, 63, 106, 58, 105]","[806.0, 70]",47
290,AAW_ARB_20070130.0045_1_LDC0078_0z15,laBlaBsaMhaMaaEfaMteeEspfaMyaAsplaBbaMnaBaaEnaA,"[63, 63, 83, 45, 4, 37, 96, 89, 37, 105, 89, 63, 20, 77, 4, 76]","[458.0, 70]",16
291,AAW_ARB_20070130.0045_1_LDC0078_00z2,khMdeBraMheAspaaAnaAspaaAlaBmaBwaMkaMayEspaaAlaBaaElaBkeBtaMraMwaMnaByaAspaaAlaBkhMaaEsaAspbaMaaElaBaaEtaBhaMaaEdaM,"[61, 30, 81, 46, 89, 3, 76, 89, 3, 63, 64, 102, 56, 17, 89, 3, 63, 4, 63, 58, 94, 81, 102, 77, 105, 89, 3, 63, 61, 4, 82, 89, 20, 4, 63, 4, 92, 45, 4, 27]","[792.0, 70]",40
292,AAW_ARB_20070130.0045_1_LDC0078_00z3,aaAlaBdhMyaAspyaBtaMdeBmaBnaAspmaBwaMaaAkaMfaEspaaAlaBkeBnaByaBseMteeEspmaBnaAspkaMdeBaaEyaBaaE,"[3, 63, 31, 105, 89, 106, 94, 30, 64, 76, 89, 64, 102, 3, 56, 36, 89, 3, 63, 58, 77, 106, 86, 96, 89, 64, 76, 89, 56, 30, 4, 106, 4]","[881.0, 70]",33
293,AAW_ARB_20070130.0045_1_LDC0078_00z4,aaAlaBahEayBlaBaaEmaEspwaMnaBshMraMteAspaaAayBlaBaaEmaByaBteeEspwaMbaMyaBaaEnaBaaEtaAspwaMmaBayMlaBwaMmaBaaEtaA,"[3, 63, 8, 16, 63, 4, 65, 89, 102, 77, 88, 81, 95, 89, 3, 16, 63, 4, 64, 106, 96, 89, 102, 20, 106, 4, 77, 4, 91, 89, 102, 64, 18, 63, 102, 64, 4, 91]","[1158.0, 70]",38
294,AAW_ARB_20070130.0045_1_LDC0078_00z5,keBthMyaBraMteAspdaMyaBnaByaBteeEspwaMthBkaMaaEfaMyaBteeEspwaMaaAjaBtaMmaBaaEayByaBteeEsptaBayMraMdeA,"[58, 100, 106, 81, 95, 89, 27, 106, 77, 106, 96, 89, 102, 98, 56, 4, 37, 106, 96, 89, 102, 3, 53, 94, 64, 4, 16, 106, 96, 89, 92, 18, 81, 29]","[899.0, 70]",34
295,AAW_ARB_20070130.0045_1_LDC0078_00z6,laBheMjaBwaMmaEspaeAdaMeeAspaaAlaByaAsptaBayMtoByaBlaBheEspspdotAsp,"[63, 48, 53, 102, 65, 89, 5, 27, 33, 89, 3, 63, 105, 89, 92, 18, 101, 106, 63, 47, 89, 89, 32, 89]","[606.0, 70]",24
296,AAW_ARB_20070130.0045_1_LDC0078_00z7,waMkaMaaElaAspspcolAspspspspspspaaAnaAspaaAlaBmaBwaMkaMayE,"[102, 56, 4, 62, 89, 89, 24, 89, 89, 89, 89, 89, 89, 3, 76, 89, 3, 63, 64, 102, 56, 17]","[545.0, 70]",22
297,AAW_ARB_20070130.0045_1_LDC0078_00z8,aaAlaBayMraMbaMyaAspaaAlaBdhMyaAsphaMheMraMspmaBkeBaaEnaBheEsplaByaBseAspbaMaaElaBdeBraMwaMraMteA,"[3, 63, 18, 81, 20, 105, 89, 3, 63, 31, 105, 89, 45, 48, 81, 89, 64, 58, 4, 77, 47, 89, 63, 106, 85, 89, 20, 4, 63, 30, 81, 102, 81, 95]","[842.0, 70]",34
298,AAW_ARB_20070130.0045_1_LDC0078_00z9,heMwaMspmaBnaAspkaMaaEmaEspbaMheMdhMaaAspaaAlaBayMmaBlaAspspspspspspdotAsp,"[48, 102, 89, 64, 76, 89, 56, 4, 65, 89, 20, 48, 31, 3, 89, 3, 63, 18, 64, 62, 89, 89, 89, 89, 89, 89, 32, 89]","[641.0, 70]",28
299,AAW_ARB_20070131.0009_4_LDC0078_00z1,faMyaAsplaBbaMnaBaaEnaAspspcomAspsphaMyaBthEspyaBtaMzaEaaAyaBdaM,"[37, 105, 89, 63, 20, 77, 4, 76, 89, 89, 25, 89, 89, 45, 106, 99, 89, 106, 94, 108, 3, 106, 27]","[530.0, 70]",23
